smiles,yield
C(CCCO)c1ccccc1.c1cc(ccc1S(=O)(=O)F)Cl.C1CCC2=NCCCN2CC1,42
C(CCCO)c1ccccc1.c1ccnc(c1)S(=O)(=O)F.C1CCC2=NCCCN2CC1,48
C(CCCO)c1ccccc1.c1cc(ccc1C(F)(F)F)S(=O)(=O)F.C1CCC2=NCCCN2CC1,47
C(CCCO)c1ccccc1.c1cc(ccc1[N+](=O)[O-])S(=O)(=O)F.C1CCC2=NCCCN2CC1,52
C(CCCO)c1ccccc1.C(C(C(F)(F)S(=O)(=O)F)(F)F)(C(F)(F)F)(F)F.C1CCC2=NCCCN2CC1,52
C(CCCO)c1ccccc1.c1cc(ccc1S(=O)(=O)F)Cl.CN1CCCN2CCCN=C12,76
C(CCCO)c1ccccc1.c1ccnc(c1)S(=O)(=O)F.CN1CCCN2CCCN=C12,78
C(CCCO)c1ccccc1.c1cc(ccc1C(F)(F)F)S(=O)(=O)F.CN1CCCN2CCCN=C12,87
C(CCCO)c1ccccc1.c1cc(ccc1[N+](=O)[O-])S(=O)(=O)F.CN1CCCN2CCCN=C12,82
C(CCCO)c1ccccc1.C(C(C(F)(F)S(=O)(=O)F)(F)F)(C(F)(F)F)(F)F.CN1CCCN2CCCN=C12,80
C(CCCO)c1ccccc1.c1cc(ccc1S(=O)(=O)F)Cl.CC(C)(C)N=C(N(C)C)N(C)C,78
C(CCCO)c1ccccc1.c1ccnc(c1)S(=O)(=O)F.CC(C)(C)N=C(N(C)C)N(C)C,79
C(CCCO)c1ccccc1.c1cc(ccc1C(F)(F)F)S(=O)(=O)F.CC(C)(C)N=C(N(C)C)N(C)C,91
C(CCCO)c1ccccc1.c1cc(ccc1[N+](=O)[O-])S(=O)(=O)F.CC(C)(C)N=C(N(C)C)N(C)C,87
C(CCCO)c1ccccc1.C(C(C(F)(F)S(=O)(=O)F)(F)F)(C(F)(F)F)(F)F.CC(C)(C)N=C(N(C)C)N(C)C,84
C(CCCO)c1ccccc1.c1cc(ccc1S(=O)(=O)F)Cl.CC(C)(C)N=P(N1CCCC1)(N2CCCC2)N3CCCC3,87
C(CCCO)c1ccccc1.c1ccnc(c1)S(=O)(=O)F.CC(C)(C)N=P(N1CCCC1)(N2CCCC2)N3CCCC3,88
C(CCCO)c1ccccc1.c1cc(ccc1C(F)(F)F)S(=O)(=O)F.CC(C)(C)N=P(N1CCCC1)(N2CCCC2)N3CCCC3,96
C(CCCO)c1ccccc1.c1cc(ccc1[N+](=O)[O-])S(=O)(=O)F.CC(C)(C)N=P(N1CCCC1)(N2CCCC2)N3CCCC3,83
C(CCCO)c1ccccc1.C(C(C(F)(F)S(=O)(=O)F)(F)F)(C(F)(F)F)(F)F.CC(C)(C)N=P(N1CCCC1)(N2CCCC2)N3CCCC3,94
c1(CCC(C)O)ccccc1.c1cc(ccc1S(=O)(=O)F)Cl.C1CCC2=NCCCN2CC1,40
c1(CCC(C)O)ccccc1.c1ccnc(c1)S(=O)(=O)F.C1CCC2=NCCCN2CC1,57
c1(CCC(C)O)ccccc1.c1cc(ccc1C(F)(F)F)S(=O)(=O)F.C1CCC2=NCCCN2CC1,52
c1(CCC(C)O)ccccc1.c1cc(ccc1[N+](=O)[O-])S(=O)(=O)F.C1CCC2=NCCCN2CC1,54
c1(CCC(C)O)ccccc1.C(C(C(F)(F)S(=O)(=O)F)(F)F)(C(F)(F)F)(F)F.C1CCC2=NCCCN2CC1,39
c1(CCC(C)O)ccccc1.c1cc(ccc1S(=O)(=O)F)Cl.CN1CCCN2CCCN=C12,54
c1(CCC(C)O)ccccc1.c1ccnc(c1)S(=O)(=O)F.CN1CCCN2CCCN=C12,59
c1(CCC(C)O)ccccc1.c1cc(ccc1C(F)(F)F)S(=O)(=O)F.CN1CCCN2CCCN=C12,69
c1(CCC(C)O)ccccc1.c1cc(ccc1[N+](=O)[O-])S(=O)(=O)F.CN1CCCN2CCCN=C12,63
c1(CCC(C)O)ccccc1.C(C(C(F)(F)S(=O)(=O)F)(F)F)(C(F)(F)F)(F)F.CN1CCCN2CCCN=C12,60
c1(CCC(C)O)ccccc1.c1cc(ccc1S(=O)(=O)F)Cl.CC(C)(C)N=C(N(C)C)N(C)C,41
c1(CCC(C)O)ccccc1.c1ccnc(c1)S(=O)(=O)F.CC(C)(C)N=C(N(C)C)N(C)C,49
c1(CCC(C)O)ccccc1.c1cc(ccc1C(F)(F)F)S(=O)(=O)F.CC(C)(C)N=C(N(C)C)N(C)C,57
c1(CCC(C)O)ccccc1.c1cc(ccc1[N+](=O)[O-])S(=O)(=O)F.CC(C)(C)N=C(N(C)C)N(C)C,55
c1(CCC(C)O)ccccc1.C(C(C(F)(F)S(=O)(=O)F)(F)F)(C(F)(F)F)(F)F.CC(C)(C)N=C(N(C)C)N(C)C,61
c1(CCC(C)O)ccccc1.c1cc(ccc1S(=O)(=O)F)Cl.CC(C)(C)N=P(N1CCCC1)(N2CCCC2)N3CCCC3,42
c1(CCC(C)O)ccccc1.c1ccnc(c1)S(=O)(=O)F.CC(C)(C)N=P(N1CCCC1)(N2CCCC2)N3CCCC3,53
c1(CCC(C)O)ccccc1.c1cc(ccc1C(F)(F)F)S(=O)(=O)F.CC(C)(C)N=P(N1CCCC1)(N2CCCC2)N3CCCC3,60
c1(CCC(C)O)ccccc1.c1cc(ccc1[N+](=O)[O-])S(=O)(=O)F.CC(C)(C)N=P(N1CCCC1)(N2CCCC2)N3CCCC3,51
c1(CCC(C)O)ccccc1.C(C(C(F)(F)S(=O)(=O)F)(F)F)(C(F)(F)F)(F)F.CC(C)(C)N=P(N1CCCC1)(N2CCCC2)N3CCCC3,65
c1(CCC(C)(O)C)ccccc1.c1cc(ccc1S(=O)(=O)F)Cl.C1CCC2=NCCCN2CC1,0
c1(CCC(C)(O)C)ccccc1.c1ccnc(c1)S(=O)(=O)F.C1CCC2=NCCCN2CC1,4
c1(CCC(C)(O)C)ccccc1.c1cc(ccc1C(F)(F)F)S(=O)(=O)F.C1CCC2=NCCCN2CC1,2
c1(CCC(C)(O)C)ccccc1.c1cc(ccc1[N+](=O)[O-])S(=O)(=O)F.C1CCC2=NCCCN2CC1,4
c1(CCC(C)(O)C)ccccc1.C(C(C(F)(F)S(=O)(=O)F)(F)F)(C(F)(F)F)(F)F.C1CCC2=NCCCN2CC1,9
c1(CCC(C)(O)C)ccccc1.c1cc(ccc1S(=O)(=O)F)Cl.CN1CCCN2CCCN=C12,1
c1(CCC(C)(O)C)ccccc1.c1ccnc(c1)S(=O)(=O)F.CN1CCCN2CCCN=C12,5
c1(CCC(C)(O)C)ccccc1.c1cc(ccc1C(F)(F)F)S(=O)(=O)F.CN1CCCN2CCCN=C12,4
c1(CCC(C)(O)C)ccccc1.c1cc(ccc1[N+](=O)[O-])S(=O)(=O)F.CN1CCCN2CCCN=C12,5
c1(CCC(C)(O)C)ccccc1.C(C(C(F)(F)S(=O)(=O)F)(F)F)(C(F)(F)F)(F)F.CN1CCCN2CCCN=C12,18
c1(CCC(C)(O)C)ccccc1.c1cc(ccc1S(=O)(=O)F)Cl.CC(C)(C)N=C(N(C)C)N(C)C,0
c1(CCC(C)(O)C)ccccc1.c1ccnc(c1)S(=O)(=O)F.CC(C)(C)N=C(N(C)C)N(C)C,0
c1(CCC(C)(O)C)ccccc1.c1cc(ccc1C(F)(F)F)S(=O)(=O)F.CC(C)(C)N=C(N(C)C)N(C)C,0
c1(CCC(C)(O)C)ccccc1.c1cc(ccc1[N+](=O)[O-])S(=O)(=O)F.CC(C)(C)N=C(N(C)C)N(C)C,1
c1(CCC(C)(O)C)ccccc1.C(C(C(F)(F)S(=O)(=O)F)(F)F)(C(F)(F)F)(F)F.CC(C)(C)N=C(N(C)C)N(C)C,17
c1(CCC(C)(O)C)ccccc1.c1cc(ccc1S(=O)(=O)F)Cl.CC(C)(C)N=P(N1CCCC1)(N2CCCC2)N3CCCC3,0
c1(CCC(C)(O)C)ccccc1.c1ccnc(c1)S(=O)(=O)F.CC(C)(C)N=P(N1CCCC1)(N2CCCC2)N3CCCC3,0
c1(CCC(C)(O)C)ccccc1.c1cc(ccc1C(F)(F)F)S(=O)(=O)F.CC(C)(C)N=P(N1CCCC1)(N2CCCC2)N3CCCC3,1
c1(CCC(C)(O)C)ccccc1.c1cc(ccc1[N+](=O)[O-])S(=O)(=O)F.CC(C)(C)N=P(N1CCCC1)(N2CCCC2)N3CCCC3,0
c1(CCC(C)(O)C)ccccc1.C(C(C(F)(F)S(=O)(=O)F)(F)F)(C(F)(F)F)(F)F.CC(C)(C)N=P(N1CCCC1)(N2CCCC2)N3CCCC3,22
c1(c(nc(o1)CCCO)c1ccccc1)c1ccccc1.c1cc(ccc1S(=O)(=O)F)Cl.C1CCC2=NCCCN2CC1,53
c1(c(nc(o1)CCCO)c1ccccc1)c1ccccc1.c1ccnc(c1)S(=O)(=O)F.C1CCC2=NCCCN2CC1,63
c1(c(nc(o1)CCCO)c1ccccc1)c1ccccc1.c1cc(ccc1C(F)(F)F)S(=O)(=O)F.C1CCC2=NCCCN2CC1,63
c1(c(nc(o1)CCCO)c1ccccc1)c1ccccc1.c1cc(ccc1[N+](=O)[O-])S(=O)(=O)F.C1CCC2=NCCCN2CC1,65
c1(c(nc(o1)CCCO)c1ccccc1)c1ccccc1.C(C(C(F)(F)S(=O)(=O)F)(F)F)(C(F)(F)F)(F)F.C1CCC2=NCCCN2CC1,60
c1(c(nc(o1)CCCO)c1ccccc1)c1ccccc1.c1cc(ccc1S(=O)(=O)F)Cl.CN1CCCN2CCCN=C12,88
c1(c(nc(o1)CCCO)c1ccccc1)c1ccccc1.c1ccnc(c1)S(=O)(=O)F.CN1CCCN2CCCN=C12,84
c1(c(nc(o1)CCCO)c1ccccc1)c1ccccc1.c1cc(ccc1C(F)(F)F)S(=O)(=O)F.CN1CCCN2CCCN=C12,98
c1(c(nc(o1)CCCO)c1ccccc1)c1ccccc1.c1cc(ccc1[N+](=O)[O-])S(=O)(=O)F.CN1CCCN2CCCN=C12,89
c1(c(nc(o1)CCCO)c1ccccc1)c1ccccc1.C(C(C(F)(F)S(=O)(=O)F)(F)F)(C(F)(F)F)(F)F.CN1CCCN2CCCN=C12,82
c1(c(nc(o1)CCCO)c1ccccc1)c1ccccc1.c1cc(ccc1S(=O)(=O)F)Cl.CC(C)(C)N=C(N(C)C)N(C)C,94
c1(c(nc(o1)CCCO)c1ccccc1)c1ccccc1.c1ccnc(c1)S(=O)(=O)F.CC(C)(C)N=C(N(C)C)N(C)C,91
c1(c(nc(o1)CCCO)c1ccccc1)c1ccccc1.c1cc(ccc1C(F)(F)F)S(=O)(=O)F.CC(C)(C)N=C(N(C)C)N(C)C,106
c1(c(nc(o1)CCCO)c1ccccc1)c1ccccc1.c1cc(ccc1[N+](=O)[O-])S(=O)(=O)F.CC(C)(C)N=C(N(C)C)N(C)C,101
c1(c(nc(o1)CCCO)c1ccccc1)c1ccccc1.C(C(C(F)(F)S(=O)(=O)F)(F)F)(C(F)(F)F)(F)F.CC(C)(C)N=C(N(C)C)N(C)C,91
c1(c(nc(o1)CCCO)c1ccccc1)c1ccccc1.c1cc(ccc1S(=O)(=O)F)Cl.CC(C)(C)N=P(N1CCCC1)(N2CCCC2)N3CCCC3,94
c1(c(nc(o1)CCCO)c1ccccc1)c1ccccc1.c1ccnc(c1)S(=O)(=O)F.CC(C)(C)N=P(N1CCCC1)(N2CCCC2)N3CCCC3,98
c1(c(nc(o1)CCCO)c1ccccc1)c1ccccc1.c1cc(ccc1C(F)(F)F)S(=O)(=O)F.CC(C)(C)N=P(N1CCCC1)(N2CCCC2)N3CCCC3,104
c1(c(nc(o1)CCCO)c1ccccc1)c1ccccc1.c1cc(ccc1[N+](=O)[O-])S(=O)(=O)F.CC(C)(C)N=P(N1CCCC1)(N2CCCC2)N3CCCC3,95
c1(c(nc(o1)CCCO)c1ccccc1)c1ccccc1.C(C(C(F)(F)S(=O)(=O)F)(F)F)(C(F)(F)F)(F)F.CC(C)(C)N=P(N1CCCC1)(N2CCCC2)N3CCCC3,94
c12c(n(c(=O)n(c1=O)CCCCC(O)C)C)ncn2C.c1cc(ccc1S(=O)(=O)F)Cl.C1CCC2=NCCCN2CC1,53
c12c(n(c(=O)n(c1=O)CCCCC(O)C)C)ncn2C.c1ccnc(c1)S(=O)(=O)F.C1CCC2=NCCCN2CC1,68
c12c(n(c(=O)n(c1=O)CCCCC(O)C)C)ncn2C.c1cc(ccc1C(F)(F)F)S(=O)(=O)F.C1CCC2=NCCCN2CC1,71
c12c(n(c(=O)n(c1=O)CCCCC(O)C)C)ncn2C.c1cc(ccc1[N+](=O)[O-])S(=O)(=O)F.C1CCC2=NCCCN2CC1,74
c12c(n(c(=O)n(c1=O)CCCCC(O)C)C)ncn2C.C(C(C(F)(F)S(=O)(=O)F)(F)F)(C(F)(F)F)(F)F.C1CCC2=NCCCN2CC1,54
c12c(n(c(=O)n(c1=O)CCCCC(O)C)C)ncn2C.c1cc(ccc1S(=O)(=O)F)Cl.CN1CCCN2CCCN=C12,52
c12c(n(c(=O)n(c1=O)CCCCC(O)C)C)ncn2C.c1ccnc(c1)S(=O)(=O)F.CN1CCCN2CCCN=C12,68
c12c(n(c(=O)n(c1=O)CCCCC(O)C)C)ncn2C.c1cc(ccc1C(F)(F)F)S(=O)(=O)F.CN1CCCN2CCCN=C12,72
c12c(n(c(=O)n(c1=O)CCCCC(O)C)C)ncn2C.c1cc(ccc1[N+](=O)[O-])S(=O)(=O)F.CN1CCCN2CCCN=C12,66
c12c(n(c(=O)n(c1=O)CCCCC(O)C)C)ncn2C.C(C(C(F)(F)S(=O)(=O)F)(F)F)(C(F)(F)F)(F)F.CN1CCCN2CCCN=C12,53
c12c(n(c(=O)n(c1=O)CCCCC(O)C)C)ncn2C.c1cc(ccc1S(=O)(=O)F)Cl.CC(C)(C)N=C(N(C)C)N(C)C,49
c12c(n(c(=O)n(c1=O)CCCCC(O)C)C)ncn2C.c1ccnc(c1)S(=O)(=O)F.CC(C)(C)N=C(N(C)C)N(C)C,69
c12c(n(c(=O)n(c1=O)CCCCC(O)C)C)ncn2C.c1cc(ccc1C(F)(F)F)S(=O)(=O)F.CC(C)(C)N=C(N(C)C)N(C)C,80
c12c(n(c(=O)n(c1=O)CCCCC(O)C)C)ncn2C.c1cc(ccc1[N+](=O)[O-])S(=O)(=O)F.CC(C)(C)N=C(N(C)C)N(C)C,82
c12c(n(c(=O)n(c1=O)CCCCC(O)C)C)ncn2C.C(C(C(F)(F)S(=O)(=O)F)(F)F)(C(F)(F)F)(F)F.CC(C)(C)N=C(N(C)C)N(C)C,76
c12c(n(c(=O)n(c1=O)CCCCC(O)C)C)ncn2C.c1cc(ccc1S(=O)(=O)F)Cl.CC(C)(C)N=P(N1CCCC1)(N2CCCC2)N3CCCC3,48
c12c(n(c(=O)n(c1=O)CCCCC(O)C)C)ncn2C.c1ccnc(c1)S(=O)(=O)F.CC(C)(C)N=P(N1CCCC1)(N2CCCC2)N3CCCC3,67
c12c(n(c(=O)n(c1=O)CCCCC(O)C)C)ncn2C.c1cc(ccc1C(F)(F)F)S(=O)(=O)F.CC(C)(C)N=P(N1CCCC1)(N2CCCC2)N3CCCC3,78
c12c(n(c(=O)n(c1=O)CCCCC(O)C)C)ncn2C.c1cc(ccc1[N+](=O)[O-])S(=O)(=O)F.CC(C)(C)N=P(N1CCCC1)(N2CCCC2)N3CCCC3,66
c12c(n(c(=O)n(c1=O)CCCCC(O)C)C)ncn2C.C(C(C(F)(F)S(=O)(=O)F)(F)F)(C(F)(F)F)(F)F.CC(C)(C)N=P(N1CCCC1)(N2CCCC2)N3CCCC3,72
C1(C(C(C(O1)n1c2c(nc1)c(ncn2)N(Cc1ccccc1)Cc1ccccc1)OCc1ccccc1)OCc1ccccc1)CO.c1cc(ccc1S(=O)(=O)F)Cl.C1CCC2=NCCCN2CC1,6
C1(C(C(C(O1)n1c2c(nc1)c(ncn2)N(Cc1ccccc1)Cc1ccccc1)OCc1ccccc1)OCc1ccccc1)CO.c1ccnc(c1)S(=O)(=O)F.C1CCC2=NCCCN2CC1,13
C1(C(C(C(O1)n1c2c(nc1)c(ncn2)N(Cc1ccccc1)Cc1ccccc1)OCc1ccccc1)OCc1ccccc1)CO.c1cc(ccc1C(F)(F)F)S(=O)(=O)F.C1CCC2=NCCCN2CC1,14
C1(C(C(C(O1)n1c2c(nc1)c(ncn2)N(Cc1ccccc1)Cc1ccccc1)OCc1ccccc1)OCc1ccccc1)CO.c1cc(ccc1[N+](=O)[O-])S(=O)(=O)F.C1CCC2=NCCCN2CC1,17
C1(C(C(C(O1)n1c2c(nc1)c(ncn2)N(Cc1ccccc1)Cc1ccccc1)OCc1ccccc1)OCc1ccccc1)CO.C(C(C(F)(F)S(=O)(=O)F)(F)F)(C(F)(F)F)(F)F.C1CCC2=NCCCN2CC1,29
C1(C(C(C(O1)n1c2c(nc1)c(ncn2)N(Cc1ccccc1)Cc1ccccc1)OCc1ccccc1)OCc1ccccc1)CO.c1cc(ccc1S(=O)(=O)F)Cl.CN1CCCN2CCCN=C12,17
C1(C(C(C(O1)n1c2c(nc1)c(ncn2)N(Cc1ccccc1)Cc1ccccc1)OCc1ccccc1)OCc1ccccc1)CO.c1ccnc(c1)S(=O)(=O)F.CN1CCCN2CCCN=C12,26
C1(C(C(C(O1)n1c2c(nc1)c(ncn2)N(Cc1ccccc1)Cc1ccccc1)OCc1ccccc1)OCc1ccccc1)CO.c1cc(ccc1C(F)(F)F)S(=O)(=O)F.CN1CCCN2CCCN=C12,30
C1(C(C(C(O1)n1c2c(nc1)c(ncn2)N(Cc1ccccc1)Cc1ccccc1)OCc1ccccc1)OCc1ccccc1)CO.c1cc(ccc1[N+](=O)[O-])S(=O)(=O)F.CN1CCCN2CCCN=C12,36
C1(C(C(C(O1)n1c2c(nc1)c(ncn2)N(Cc1ccccc1)Cc1ccccc1)OCc1ccccc1)OCc1ccccc1)CO.C(C(C(F)(F)S(=O)(=O)F)(F)F)(C(F)(F)F)(F)F.CN1CCCN2CCCN=C12,38
C1(C(C(C(O1)n1c2c(nc1)c(ncn2)N(Cc1ccccc1)Cc1ccccc1)OCc1ccccc1)OCc1ccccc1)CO.c1cc(ccc1S(=O)(=O)F)Cl.CC(C)(C)N=C(N(C)C)N(C)C,21
C1(C(C(C(O1)n1c2c(nc1)c(ncn2)N(Cc1ccccc1)Cc1ccccc1)OCc1ccccc1)OCc1ccccc1)CO.c1ccnc(c1)S(=O)(=O)F.CC(C)(C)N=C(N(C)C)N(C)C,31
C1(C(C(C(O1)n1c2c(nc1)c(ncn2)N(Cc1ccccc1)Cc1ccccc1)OCc1ccccc1)OCc1ccccc1)CO.c1cc(ccc1C(F)(F)F)S(=O)(=O)F.CC(C)(C)N=C(N(C)C)N(C)C,34
C1(C(C(C(O1)n1c2c(nc1)c(ncn2)N(Cc1ccccc1)Cc1ccccc1)OCc1ccccc1)OCc1ccccc1)CO.c1cc(ccc1[N+](=O)[O-])S(=O)(=O)F.CC(C)(C)N=C(N(C)C)N(C)C,40
C1(C(C(C(O1)n1c2c(nc1)c(ncn2)N(Cc1ccccc1)Cc1ccccc1)OCc1ccccc1)OCc1ccccc1)CO.C(C(C(F)(F)S(=O)(=O)F)(F)F)(C(F)(F)F)(F)F.CC(C)(C)N=C(N(C)C)N(C)C,49
C1(C(C(C(O1)n1c2c(nc1)c(ncn2)N(Cc1ccccc1)Cc1ccccc1)OCc1ccccc1)OCc1ccccc1)CO.c1cc(ccc1S(=O)(=O)F)Cl.CC(C)(C)N=P(N1CCCC1)(N2CCCC2)N3CCCC3,32
C1(C(C(C(O1)n1c2c(nc1)c(ncn2)N(Cc1ccccc1)Cc1ccccc1)OCc1ccccc1)OCc1ccccc1)CO.c1ccnc(c1)S(=O)(=O)F.CC(C)(C)N=P(N1CCCC1)(N2CCCC2)N3CCCC3,38
C1(C(C(C(O1)n1c2c(nc1)c(ncn2)N(Cc1ccccc1)Cc1ccccc1)OCc1ccccc1)OCc1ccccc1)CO.c1cc(ccc1C(F)(F)F)S(=O)(=O)F.CC(C)(C)N=P(N1CCCC1)(N2CCCC2)N3CCCC3,45
C1(C(C(C(O1)n1c2c(nc1)c(ncn2)N(Cc1ccccc1)Cc1ccccc1)OCc1ccccc1)OCc1ccccc1)CO.c1cc(ccc1[N+](=O)[O-])S(=O)(=O)F.CC(C)(C)N=P(N1CCCC1)(N2CCCC2)N3CCCC3,49
C1(C(C(C(O1)n1c2c(nc1)c(ncn2)N(Cc1ccccc1)Cc1ccccc1)OCc1ccccc1)OCc1ccccc1)CO.C(C(C(F)(F)S(=O)(=O)F)(F)F)(C(F)(F)F)(F)F.CC(C)(C)N=P(N1CCCC1)(N2CCCC2)N3CCCC3,47
c1c(ccc(c1Cl)/N=N/c1ccc(cc1)N(CCO)CC)[N+](=O)[O-].c1cc(ccc1S(=O)(=O)F)Cl.C1CCC2=NCCCN2CC1,43
c1c(ccc(c1Cl)/N=N/c1ccc(cc1)N(CCO)CC)[N+](=O)[O-].c1ccnc(c1)S(=O)(=O)F.C1CCC2=NCCCN2CC1,54
c1c(ccc(c1Cl)/N=N/c1ccc(cc1)N(CCO)CC)[N+](=O)[O-].c1cc(ccc1C(F)(F)F)S(=O)(=O)F.C1CCC2=NCCCN2CC1,54
c1c(ccc(c1Cl)/N=N/c1ccc(cc1)N(CCO)CC)[N+](=O)[O-].c1cc(ccc1[N+](=O)[O-])S(=O)(=O)F.C1CCC2=NCCCN2CC1,58
c1c(ccc(c1Cl)/N=N/c1ccc(cc1)N(CCO)CC)[N+](=O)[O-].C(C(C(F)(F)S(=O)(=O)F)(F)F)(C(F)(F)F)(F)F.C1CCC2=NCCCN2CC1,52
c1c(ccc(c1Cl)/N=N/c1ccc(cc1)N(CCO)CC)[N+](=O)[O-].c1cc(ccc1S(=O)(=O)F)Cl.CN1CCCN2CCCN=C12,72
c1c(ccc(c1Cl)/N=N/c1ccc(cc1)N(CCO)CC)[N+](=O)[O-].c1ccnc(c1)S(=O)(=O)F.CN1CCCN2CCCN=C12,74
c1c(ccc(c1Cl)/N=N/c1ccc(cc1)N(CCO)CC)[N+](=O)[O-].c1cc(ccc1C(F)(F)F)S(=O)(=O)F.CN1CCCN2CCCN=C12,80
c1c(ccc(c1Cl)/N=N/c1ccc(cc1)N(CCO)CC)[N+](=O)[O-].c1cc(ccc1[N+](=O)[O-])S(=O)(=O)F.CN1CCCN2CCCN=C12,77
c1c(ccc(c1Cl)/N=N/c1ccc(cc1)N(CCO)CC)[N+](=O)[O-].C(C(C(F)(F)S(=O)(=O)F)(F)F)(C(F)(F)F)(F)F.CN1CCCN2CCCN=C12,65
c1c(ccc(c1Cl)/N=N/c1ccc(cc1)N(CCO)CC)[N+](=O)[O-].c1cc(ccc1S(=O)(=O)F)Cl.CC(C)(C)N=C(N(C)C)N(C)C,73
c1c(ccc(c1Cl)/N=N/c1ccc(cc1)N(CCO)CC)[N+](=O)[O-].c1ccnc(c1)S(=O)(=O)F.CC(C)(C)N=C(N(C)C)N(C)C,76
c1c(ccc(c1Cl)/N=N/c1ccc(cc1)N(CCO)CC)[N+](=O)[O-].c1cc(ccc1C(F)(F)F)S(=O)(=O)F.CC(C)(C)N=C(N(C)C)N(C)C,80
c1c(ccc(c1Cl)/N=N/c1ccc(cc1)N(CCO)CC)[N+](=O)[O-].c1cc(ccc1[N+](=O)[O-])S(=O)(=O)F.CC(C)(C)N=C(N(C)C)N(C)C,77
c1c(ccc(c1Cl)/N=N/c1ccc(cc1)N(CCO)CC)[N+](=O)[O-].C(C(C(F)(F)S(=O)(=O)F)(F)F)(C(F)(F)F)(F)F.CC(C)(C)N=C(N(C)C)N(C)C,56
c1c(ccc(c1Cl)/N=N/c1ccc(cc1)N(CCO)CC)[N+](=O)[O-].c1cc(ccc1S(=O)(=O)F)Cl.CC(C)(C)N=P(N1CCCC1)(N2CCCC2)N3CCCC3,66
c1c(ccc(c1Cl)/N=N/c1ccc(cc1)N(CCO)CC)[N+](=O)[O-].c1ccnc(c1)S(=O)(=O)F.CC(C)(C)N=P(N1CCCC1)(N2CCCC2)N3CCCC3,75
c1c(ccc(c1Cl)/N=N/c1ccc(cc1)N(CCO)CC)[N+](=O)[O-].c1cc(ccc1C(F)(F)F)S(=O)(=O)F.CC(C)(C)N=P(N1CCCC1)(N2CCCC2)N3CCCC3,67
c1c(ccc(c1Cl)/N=N/c1ccc(cc1)N(CCO)CC)[N+](=O)[O-].c1cc(ccc1[N+](=O)[O-])S(=O)(=O)F.CC(C)(C)N=P(N1CCCC1)(N2CCCC2)N3CCCC3,73
c1c(ccc(c1Cl)/N=N/c1ccc(cc1)N(CCO)CC)[N+](=O)[O-].C(C(C(F)(F)S(=O)(=O)F)(F)F)(C(F)(F)F)(F)F.CC(C)(C)N=P(N1CCCC1)(N2CCCC2)N3CCCC3,46
C1CCN(C(C1)CO)CCCc1ccccc1.c1cc(ccc1S(=O)(=O)F)Cl.C1CCC2=NCCCN2CC1,6
C1CCN(C(C1)CO)CCCc1ccccc1.c1ccnc(c1)S(=O)(=O)F.C1CCC2=NCCCN2CC1,7
C1CCN(C(C1)CO)CCCc1ccccc1.c1cc(ccc1C(F)(F)F)S(=O)(=O)F.C1CCC2=NCCCN2CC1,8
C1CCN(C(C1)CO)CCCc1ccccc1.c1cc(ccc1[N+](=O)[O-])S(=O)(=O)F.C1CCC2=NCCCN2CC1,8
C1CCN(C(C1)CO)CCCc1ccccc1.C(C(C(F)(F)S(=O)(=O)F)(F)F)(C(F)(F)F)(F)F.C1CCC2=NCCCN2CC1,10
C1CCN(C(C1)CO)CCCc1ccccc1.c1cc(ccc1S(=O)(=O)F)Cl.CN1CCCN2CCCN=C12,21
C1CCN(C(C1)CO)CCCc1ccccc1.c1ccnc(c1)S(=O)(=O)F.CN1CCCN2CCCN=C12,18
C1CCN(C(C1)CO)CCCc1ccccc1.c1cc(ccc1C(F)(F)F)S(=O)(=O)F.CN1CCCN2CCCN=C12,22
C1CCN(C(C1)CO)CCCc1ccccc1.c1cc(ccc1[N+](=O)[O-])S(=O)(=O)F.CN1CCCN2CCCN=C12,20
C1CCN(C(C1)CO)CCCc1ccccc1.C(C(C(F)(F)S(=O)(=O)F)(F)F)(C(F)(F)F)(F)F.CN1CCCN2CCCN=C12,23
C1CCN(C(C1)CO)CCCc1ccccc1.c1cc(ccc1S(=O)(=O)F)Cl.CC(C)(C)N=C(N(C)C)N(C)C,26
C1CCN(C(C1)CO)CCCc1ccccc1.c1ccnc(c1)S(=O)(=O)F.CC(C)(C)N=C(N(C)C)N(C)C,17
C1CCN(C(C1)CO)CCCc1ccccc1.c1cc(ccc1C(F)(F)F)S(=O)(=O)F.CC(C)(C)N=C(N(C)C)N(C)C,28
C1CCN(C(C1)CO)CCCc1ccccc1.c1cc(ccc1[N+](=O)[O-])S(=O)(=O)F.CC(C)(C)N=C(N(C)C)N(C)C,27
C1CCN(C(C1)CO)CCCc1ccccc1.C(C(C(F)(F)S(=O)(=O)F)(F)F)(C(F)(F)F)(F)F.CC(C)(C)N=C(N(C)C)N(C)C,30
C1CCN(C(C1)CO)CCCc1ccccc1.c1cc(ccc1S(=O)(=O)F)Cl.CC(C)(C)N=P(N1CCCC1)(N2CCCC2)N3CCCC3,27
C1CCN(C(C1)CO)CCCc1ccccc1.c1ccnc(c1)S(=O)(=O)F.CC(C)(C)N=P(N1CCCC1)(N2CCCC2)N3CCCC3,16
C1CCN(C(C1)CO)CCCc1ccccc1.c1cc(ccc1C(F)(F)F)S(=O)(=O)F.CC(C)(C)N=P(N1CCCC1)(N2CCCC2)N3CCCC3,31
C1CCN(C(C1)CO)CCCc1ccccc1.c1cc(ccc1[N+](=O)[O-])S(=O)(=O)F.CC(C)(C)N=P(N1CCCC1)(N2CCCC2)N3CCCC3,28
C1CCN(C(C1)CO)CCCc1ccccc1.C(C(C(F)(F)S(=O)(=O)F)(F)F)(C(F)(F)F)(F)F.CC(C)(C)N=P(N1CCCC1)(N2CCCC2)N3CCCC3,36
C1[C@@H](C[C@@H]1O)OCc1ccccc1.c1cc(ccc1S(=O)(=O)F)Cl.C1CCC2=NCCCN2CC1,1
C1[C@@H](C[C@@H]1O)OCc1ccccc1.c1ccnc(c1)S(=O)(=O)F.C1CCC2=NCCCN2CC1,1
C1[C@@H](C[C@@H]1O)OCc1ccccc1.c1cc(ccc1C(F)(F)F)S(=O)(=O)F.C1CCC2=NCCCN2CC1,3
C1[C@@H](C[C@@H]1O)OCc1ccccc1.c1cc(ccc1[N+](=O)[O-])S(=O)(=O)F.C1CCC2=NCCCN2CC1,11
C1[C@@H](C[C@@H]1O)OCc1ccccc1.C(C(C(F)(F)S(=O)(=O)F)(F)F)(C(F)(F)F)(F)F.C1CCC2=NCCCN2CC1,83
C1[C@@H](C[C@@H]1O)OCc1ccccc1.c1cc(ccc1S(=O)(=O)F)Cl.CN1CCCN2CCCN=C12,1
C1[C@@H](C[C@@H]1O)OCc1ccccc1.c1ccnc(c1)S(=O)(=O)F.CN1CCCN2CCCN=C12,2
C1[C@@H](C[C@@H]1O)OCc1ccccc1.c1cc(ccc1C(F)(F)F)S(=O)(=O)F.CN1CCCN2CCCN=C12,4
C1[C@@H](C[C@@H]1O)OCc1ccccc1.c1cc(ccc1[N+](=O)[O-])S(=O)(=O)F.CN1CCCN2CCCN=C12,12
C1[C@@H](C[C@@H]1O)OCc1ccccc1.C(C(C(F)(F)S(=O)(=O)F)(F)F)(C(F)(F)F)(F)F.CN1CCCN2CCCN=C12,79
C1[C@@H](C[C@@H]1O)OCc1ccccc1.c1cc(ccc1S(=O)(=O)F)Cl.CC(C)(C)N=C(N(C)C)N(C)C,1
C1[C@@H](C[C@@H]1O)OCc1ccccc1.c1ccnc(c1)S(=O)(=O)F.CC(C)(C)N=C(N(C)C)N(C)C,1
C1[C@@H](C[C@@H]1O)OCc1ccccc1.c1cc(ccc1C(F)(F)F)S(=O)(=O)F.CC(C)(C)N=C(N(C)C)N(C)C,5
C1[C@@H](C[C@@H]1O)OCc1ccccc1.c1cc(ccc1[N+](=O)[O-])S(=O)(=O)F.CC(C)(C)N=C(N(C)C)N(C)C,12
C1[C@@H](C[C@@H]1O)OCc1ccccc1.C(C(C(F)(F)S(=O)(=O)F)(F)F)(C(F)(F)F)(F)F.CC(C)(C)N=C(N(C)C)N(C)C,89
C1[C@@H](C[C@@H]1O)OCc1ccccc1.c1cc(ccc1S(=O)(=O)F)Cl.CC(C)(C)N=P(N1CCCC1)(N2CCCC2)N3CCCC3,3
C1[C@@H](C[C@@H]1O)OCc1ccccc1.c1ccnc(c1)S(=O)(=O)F.CC(C)(C)N=P(N1CCCC1)(N2CCCC2)N3CCCC3,1
C1[C@@H](C[C@@H]1O)OCc1ccccc1.c1cc(ccc1C(F)(F)F)S(=O)(=O)F.CC(C)(C)N=P(N1CCCC1)(N2CCCC2)N3CCCC3,12
C1[C@@H](C[C@@H]1O)OCc1ccccc1.c1cc(ccc1[N+](=O)[O-])S(=O)(=O)F.CC(C)(C)N=P(N1CCCC1)(N2CCCC2)N3CCCC3,22
C1[C@@H](C[C@@H]1O)OCc1ccccc1.C(C(C(F)(F)S(=O)(=O)F)(F)F)(C(F)(F)F)(F)F.CC(C)(C)N=P(N1CCCC1)(N2CCCC2)N3CCCC3,82
C1N([C@@H](C[C@H]1O)C(=O)OC)C(=O)OC(C)(C)C.c1cc(ccc1S(=O)(=O)F)Cl.C1CCC2=NCCCN2CC1,23
C1N([C@@H](C[C@H]1O)C(=O)OC)C(=O)OC(C)(C)C.c1ccnc(c1)S(=O)(=O)F.C1CCC2=NCCCN2CC1,40
C1N([C@@H](C[C@H]1O)C(=O)OC)C(=O)OC(C)(C)C.c1cc(ccc1C(F)(F)F)S(=O)(=O)F.C1CCC2=NCCCN2CC1,47
C1N([C@@H](C[C@H]1O)C(=O)OC)C(=O)OC(C)(C)C.c1cc(ccc1[N+](=O)[O-])S(=O)(=O)F.C1CCC2=NCCCN2CC1,55
C1N([C@@H](C[C@H]1O)C(=O)OC)C(=O)OC(C)(C)C.C(C(C(F)(F)S(=O)(=O)F)(F)F)(C(F)(F)F)(F)F.C1CCC2=NCCCN2CC1,76
C1N([C@@H](C[C@H]1O)C(=O)OC)C(=O)OC(C)(C)C.c1cc(ccc1S(=O)(=O)F)Cl.CN1CCCN2CCCN=C12,34
C1N([C@@H](C[C@H]1O)C(=O)OC)C(=O)OC(C)(C)C.c1ccnc(c1)S(=O)(=O)F.CN1CCCN2CCCN=C12,41
C1N([C@@H](C[C@H]1O)C(=O)OC)C(=O)OC(C)(C)C.c1cc(ccc1C(F)(F)F)S(=O)(=O)F.CN1CCCN2CCCN=C12,60
C1N([C@@H](C[C@H]1O)C(=O)OC)C(=O)OC(C)(C)C.c1cc(ccc1[N+](=O)[O-])S(=O)(=O)F.CN1CCCN2CCCN=C12,65
C1N([C@@H](C[C@H]1O)C(=O)OC)C(=O)OC(C)(C)C.C(C(C(F)(F)S(=O)(=O)F)(F)F)(C(F)(F)F)(F)F.CN1CCCN2CCCN=C12,88
C1N([C@@H](C[C@H]1O)C(=O)OC)C(=O)OC(C)(C)C.c1cc(ccc1S(=O)(=O)F)Cl.CC(C)(C)N=C(N(C)C)N(C)C,30
C1N([C@@H](C[C@H]1O)C(=O)OC)C(=O)OC(C)(C)C.c1ccnc(c1)S(=O)(=O)F.CC(C)(C)N=C(N(C)C)N(C)C,39
C1N([C@@H](C[C@H]1O)C(=O)OC)C(=O)OC(C)(C)C.c1cc(ccc1C(F)(F)F)S(=O)(=O)F.CC(C)(C)N=C(N(C)C)N(C)C,47
C1N([C@@H](C[C@H]1O)C(=O)OC)C(=O)OC(C)(C)C.c1cc(ccc1[N+](=O)[O-])S(=O)(=O)F.CC(C)(C)N=C(N(C)C)N(C)C,55
C1N([C@@H](C[C@H]1O)C(=O)OC)C(=O)OC(C)(C)C.C(C(C(F)(F)S(=O)(=O)F)(F)F)(C(F)(F)F)(F)F.CC(C)(C)N=C(N(C)C)N(C)C,79
C1N([C@@H](C[C@H]1O)C(=O)OC)C(=O)OC(C)(C)C.c1cc(ccc1S(=O)(=O)F)Cl.CC(C)(C)N=P(N1CCCC1)(N2CCCC2)N3CCCC3,46
C1N([C@@H](C[C@H]1O)C(=O)OC)C(=O)OC(C)(C)C.c1ccnc(c1)S(=O)(=O)F.CC(C)(C)N=P(N1CCCC1)(N2CCCC2)N3CCCC3,49
C1N([C@@H](C[C@H]1O)C(=O)OC)C(=O)OC(C)(C)C.c1cc(ccc1C(F)(F)F)S(=O)(=O)F.CC(C)(C)N=P(N1CCCC1)(N2CCCC2)N3CCCC3,58
C1N([C@@H](C[C@H]1O)C(=O)OC)C(=O)OC(C)(C)C.c1cc(ccc1[N+](=O)[O-])S(=O)(=O)F.CC(C)(C)N=P(N1CCCC1)(N2CCCC2)N3CCCC3,56
C1N([C@@H](C[C@H]1O)C(=O)OC)C(=O)OC(C)(C)C.C(C(C(F)(F)S(=O)(=O)F)(F)F)(C(F)(F)F)(F)F.CC(C)(C)N=P(N1CCCC1)(N2CCCC2)N3CCCC3,82
C1N([C@@H](C[C@@H]1O)C(=O)OC)C(=O)OC(C)(C)C.c1cc(ccc1S(=O)(=O)F)Cl.C1CCC2=NCCCN2CC1,25
C1N([C@@H](C[C@@H]1O)C(=O)OC)C(=O)OC(C)(C)C.c1ccnc(c1)S(=O)(=O)F.C1CCC2=NCCCN2CC1,45
C1N([C@@H](C[C@@H]1O)C(=O)OC)C(=O)OC(C)(C)C.c1cc(ccc1C(F)(F)F)S(=O)(=O)F.C1CCC2=NCCCN2CC1,41
C1N([C@@H](C[C@@H]1O)C(=O)OC)C(=O)OC(C)(C)C.c1cc(ccc1[N+](=O)[O-])S(=O)(=O)F.C1CCC2=NCCCN2CC1,48
C1N([C@@H](C[C@@H]1O)C(=O)OC)C(=O)OC(C)(C)C.C(C(C(F)(F)S(=O)(=O)F)(F)F)(C(F)(F)F)(F)F.C1CCC2=NCCCN2CC1,59
C1N([C@@H](C[C@@H]1O)C(=O)OC)C(=O)OC(C)(C)C.c1cc(ccc1S(=O)(=O)F)Cl.CN1CCCN2CCCN=C12,30
C1N([C@@H](C[C@@H]1O)C(=O)OC)C(=O)OC(C)(C)C.c1ccnc(c1)S(=O)(=O)F.CN1CCCN2CCCN=C12,40
C1N([C@@H](C[C@@H]1O)C(=O)OC)C(=O)OC(C)(C)C.c1cc(ccc1C(F)(F)F)S(=O)(=O)F.CN1CCCN2CCCN=C12,47
C1N([C@@H](C[C@@H]1O)C(=O)OC)C(=O)OC(C)(C)C.c1cc(ccc1[N+](=O)[O-])S(=O)(=O)F.CN1CCCN2CCCN=C12,48
C1N([C@@H](C[C@@H]1O)C(=O)OC)C(=O)OC(C)(C)C.C(C(C(F)(F)S(=O)(=O)F)(F)F)(C(F)(F)F)(F)F.CN1CCCN2CCCN=C12,74
C1N([C@@H](C[C@@H]1O)C(=O)OC)C(=O)OC(C)(C)C.c1cc(ccc1S(=O)(=O)F)Cl.CC(C)(C)N=C(N(C)C)N(C)C,29
C1N([C@@H](C[C@@H]1O)C(=O)OC)C(=O)OC(C)(C)C.c1ccnc(c1)S(=O)(=O)F.CC(C)(C)N=C(N(C)C)N(C)C,39
C1N([C@@H](C[C@@H]1O)C(=O)OC)C(=O)OC(C)(C)C.c1cc(ccc1C(F)(F)F)S(=O)(=O)F.CC(C)(C)N=C(N(C)C)N(C)C,39
C1N([C@@H](C[C@@H]1O)C(=O)OC)C(=O)OC(C)(C)C.c1cc(ccc1[N+](=O)[O-])S(=O)(=O)F.CC(C)(C)N=C(N(C)C)N(C)C,40
C1N([C@@H](C[C@@H]1O)C(=O)OC)C(=O)OC(C)(C)C.C(C(C(F)(F)S(=O)(=O)F)(F)F)(C(F)(F)F)(F)F.CC(C)(C)N=C(N(C)C)N(C)C,64
C1N([C@@H](C[C@@H]1O)C(=O)OC)C(=O)OC(C)(C)C.c1cc(ccc1S(=O)(=O)F)Cl.CC(C)(C)N=P(N1CCCC1)(N2CCCC2)N3CCCC3,30
C1N([C@@H](C[C@@H]1O)C(=O)OC)C(=O)OC(C)(C)C.c1ccnc(c1)S(=O)(=O)F.CC(C)(C)N=P(N1CCCC1)(N2CCCC2)N3CCCC3,33
C1N([C@@H](C[C@@H]1O)C(=O)OC)C(=O)OC(C)(C)C.c1cc(ccc1C(F)(F)F)S(=O)(=O)F.CC(C)(C)N=P(N1CCCC1)(N2CCCC2)N3CCCC3,33
C1N([C@@H](C[C@@H]1O)C(=O)OC)C(=O)OC(C)(C)C.c1cc(ccc1[N+](=O)[O-])S(=O)(=O)F.CC(C)(C)N=P(N1CCCC1)(N2CCCC2)N3CCCC3,32
C1N([C@@H](C[C@@H]1O)C(=O)OC)C(=O)OC(C)(C)C.C(C(C(F)(F)S(=O)(=O)F)(F)F)(C(F)(F)F)(F)F.CC(C)(C)N=P(N1CCCC1)(N2CCCC2)N3CCCC3,58
O1C(O[C@H](C1)[C@@H]1[C@H]([C@@H]2[C@H](O1)OC(O2)(C)C)O)(C)C.c1cc(ccc1S(=O)(=O)F)Cl.C1CCC2=NCCCN2CC1,0
O1C(O[C@H](C1)[C@@H]1[C@H]([C@@H]2[C@H](O1)OC(O2)(C)C)O)(C)C.c1ccnc(c1)S(=O)(=O)F.C1CCC2=NCCCN2CC1,0
O1C(O[C@H](C1)[C@@H]1[C@H]([C@@H]2[C@H](O1)OC(O2)(C)C)O)(C)C.c1cc(ccc1C(F)(F)F)S(=O)(=O)F.C1CCC2=NCCCN2CC1,0
O1C(O[C@H](C1)[C@@H]1[C@H]([C@@H]2[C@H](O1)OC(O2)(C)C)O)(C)C.c1cc(ccc1[N+](=O)[O-])S(=O)(=O)F.C1CCC2=NCCCN2CC1,0
O1C(O[C@H](C1)[C@@H]1[C@H]([C@@H]2[C@H](O1)OC(O2)(C)C)O)(C)C.C(C(C(F)(F)S(=O)(=O)F)(F)F)(C(F)(F)F)(F)F.C1CCC2=NCCCN2CC1,65
O1C(O[C@H](C1)[C@@H]1[C@H]([C@@H]2[C@H](O1)OC(O2)(C)C)O)(C)C.c1cc(ccc1S(=O)(=O)F)Cl.CN1CCCN2CCCN=C12,0
O1C(O[C@H](C1)[C@@H]1[C@H]([C@@H]2[C@H](O1)OC(O2)(C)C)O)(C)C.c1ccnc(c1)S(=O)(=O)F.CN1CCCN2CCCN=C12,0
O1C(O[C@H](C1)[C@@H]1[C@H]([C@@H]2[C@H](O1)OC(O2)(C)C)O)(C)C.c1cc(ccc1C(F)(F)F)S(=O)(=O)F.CN1CCCN2CCCN=C12,0
O1C(O[C@H](C1)[C@@H]1[C@H]([C@@H]2[C@H](O1)OC(O2)(C)C)O)(C)C.c1cc(ccc1[N+](=O)[O-])S(=O)(=O)F.CN1CCCN2CCCN=C12,0
O1C(O[C@H](C1)[C@@H]1[C@H]([C@@H]2[C@H](O1)OC(O2)(C)C)O)(C)C.C(C(C(F)(F)S(=O)(=O)F)(F)F)(C(F)(F)F)(F)F.CN1CCCN2CCCN=C12,80
O1C(O[C@H](C1)[C@@H]1[C@H]([C@@H]2[C@H](O1)OC(O2)(C)C)O)(C)C.c1cc(ccc1S(=O)(=O)F)Cl.CC(C)(C)N=C(N(C)C)N(C)C,0
O1C(O[C@H](C1)[C@@H]1[C@H]([C@@H]2[C@H](O1)OC(O2)(C)C)O)(C)C.c1ccnc(c1)S(=O)(=O)F.CC(C)(C)N=C(N(C)C)N(C)C,0
O1C(O[C@H](C1)[C@@H]1[C@H]([C@@H]2[C@H](O1)OC(O2)(C)C)O)(C)C.c1cc(ccc1C(F)(F)F)S(=O)(=O)F.CC(C)(C)N=C(N(C)C)N(C)C,0
O1C(O[C@H](C1)[C@@H]1[C@H]([C@@H]2[C@H](O1)OC(O2)(C)C)O)(C)C.c1cc(ccc1[N+](=O)[O-])S(=O)(=O)F.CC(C)(C)N=C(N(C)C)N(C)C,0
O1C(O[C@H](C1)[C@@H]1[C@H]([C@@H]2[C@H](O1)OC(O2)(C)C)O)(C)C.C(C(C(F)(F)S(=O)(=O)F)(F)F)(C(F)(F)F)(F)F.CC(C)(C)N=C(N(C)C)N(C)C,70
O1C(O[C@H](C1)[C@@H]1[C@H]([C@@H]2[C@H](O1)OC(O2)(C)C)O)(C)C.c1cc(ccc1S(=O)(=O)F)Cl.CC(C)(C)N=P(N1CCCC1)(N2CCCC2)N3CCCC3,0
O1C(O[C@H](C1)[C@@H]1[C@H]([C@@H]2[C@H](O1)OC(O2)(C)C)O)(C)C.c1ccnc(c1)S(=O)(=O)F.CC(C)(C)N=P(N1CCCC1)(N2CCCC2)N3CCCC3,0
O1C(O[C@H](C1)[C@@H]1[C@H]([C@@H]2[C@H](O1)OC(O2)(C)C)O)(C)C.c1cc(ccc1C(F)(F)F)S(=O)(=O)F.CC(C)(C)N=P(N1CCCC1)(N2CCCC2)N3CCCC3,0
O1C(O[C@H](C1)[C@@H]1[C@H]([C@@H]2[C@H](O1)OC(O2)(C)C)O)(C)C.c1cc(ccc1[N+](=O)[O-])S(=O)(=O)F.CC(C)(C)N=P(N1CCCC1)(N2CCCC2)N3CCCC3,0
O1C(O[C@H](C1)[C@@H]1[C@H]([C@@H]2[C@H](O1)OC(O2)(C)C)O)(C)C.C(C(C(F)(F)S(=O)(=O)F)(F)F)(C(F)(F)F)(F)F.CC(C)(C)N=P(N1CCCC1)(N2CCCC2)N3CCCC3,70
O1C[C@@H]([C@@H]2[C@H]1[C@@H](CO2)O)OC(=O)C.c1cc(ccc1S(=O)(=O)F)Cl.C1CCC2=NCCCN2CC1,0
O1C[C@@H]([C@@H]2[C@H]1[C@@H](CO2)O)OC(=O)C.c1ccnc(c1)S(=O)(=O)F.C1CCC2=NCCCN2CC1,1
O1C[C@@H]([C@@H]2[C@H]1[C@@H](CO2)O)OC(=O)C.c1cc(ccc1C(F)(F)F)S(=O)(=O)F.C1CCC2=NCCCN2CC1,3
O1C[C@@H]([C@@H]2[C@H]1[C@@H](CO2)O)OC(=O)C.c1cc(ccc1[N+](=O)[O-])S(=O)(=O)F.C1CCC2=NCCCN2CC1,7
O1C[C@@H]([C@@H]2[C@H]1[C@@H](CO2)O)OC(=O)C.C(C(C(F)(F)S(=O)(=O)F)(F)F)(C(F)(F)F)(F)F.C1CCC2=NCCCN2CC1,91
O1C[C@@H]([C@@H]2[C@H]1[C@@H](CO2)O)OC(=O)C.c1cc(ccc1S(=O)(=O)F)Cl.CN1CCCN2CCCN=C12,2
O1C[C@@H]([C@@H]2[C@H]1[C@@H](CO2)O)OC(=O)C.c1ccnc(c1)S(=O)(=O)F.CN1CCCN2CCCN=C12,3
O1C[C@@H]([C@@H]2[C@H]1[C@@H](CO2)O)OC(=O)C.c1cc(ccc1C(F)(F)F)S(=O)(=O)F.CN1CCCN2CCCN=C12,7
O1C[C@@H]([C@@H]2[C@H]1[C@@H](CO2)O)OC(=O)C.c1cc(ccc1[N+](=O)[O-])S(=O)(=O)F.CN1CCCN2CCCN=C12,14
O1C[C@@H]([C@@H]2[C@H]1[C@@H](CO2)O)OC(=O)C.C(C(C(F)(F)S(=O)(=O)F)(F)F)(C(F)(F)F)(F)F.CN1CCCN2CCCN=C12,105
O1C[C@@H]([C@@H]2[C@H]1[C@@H](CO2)O)OC(=O)C.c1cc(ccc1S(=O)(=O)F)Cl.CC(C)(C)N=C(N(C)C)N(C)C,2
O1C[C@@H]([C@@H]2[C@H]1[C@@H](CO2)O)OC(=O)C.c1ccnc(c1)S(=O)(=O)F.CC(C)(C)N=C(N(C)C)N(C)C,2
O1C[C@@H]([C@@H]2[C@H]1[C@@H](CO2)O)OC(=O)C.c1cc(ccc1C(F)(F)F)S(=O)(=O)F.CC(C)(C)N=C(N(C)C)N(C)C,6
O1C[C@@H]([C@@H]2[C@H]1[C@@H](CO2)O)OC(=O)C.c1cc(ccc1[N+](=O)[O-])S(=O)(=O)F.CC(C)(C)N=C(N(C)C)N(C)C,12
O1C[C@@H]([C@@H]2[C@H]1[C@@H](CO2)O)OC(=O)C.C(C(C(F)(F)S(=O)(=O)F)(F)F)(C(F)(F)F)(F)F.CC(C)(C)N=C(N(C)C)N(C)C,97
O1C[C@@H]([C@@H]2[C@H]1[C@@H](CO2)O)OC(=O)C.c1cc(ccc1S(=O)(=O)F)Cl.CC(C)(C)N=P(N1CCCC1)(N2CCCC2)N3CCCC3,8
O1C[C@@H]([C@@H]2[C@H]1[C@@H](CO2)O)OC(=O)C.c1ccnc(c1)S(=O)(=O)F.CC(C)(C)N=P(N1CCCC1)(N2CCCC2)N3CCCC3,5
O1C[C@@H]([C@@H]2[C@H]1[C@@H](CO2)O)OC(=O)C.c1cc(ccc1C(F)(F)F)S(=O)(=O)F.CC(C)(C)N=P(N1CCCC1)(N2CCCC2)N3CCCC3,23
O1C[C@@H]([C@@H]2[C@H]1[C@@H](CO2)O)OC(=O)C.c1cc(ccc1[N+](=O)[O-])S(=O)(=O)F.CC(C)(C)N=P(N1CCCC1)(N2CCCC2)N3CCCC3,30
O1C[C@@H]([C@@H]2[C@H]1[C@@H](CO2)O)OC(=O)C.C(C(C(F)(F)S(=O)(=O)F)(F)F)(C(F)(F)F)(F)F.CC(C)(C)N=P(N1CCCC1)(N2CCCC2)N3CCCC3,106
c1ccc2c(c1)C(=O)N(C2=O)C1CC[C@H](CC1)O.c1cc(ccc1S(=O)(=O)F)Cl.C1CCC2=NCCCN2CC1,1
c1ccc2c(c1)C(=O)N(C2=O)C1CC[C@H](CC1)O.c1ccnc(c1)S(=O)(=O)F.C1CCC2=NCCCN2CC1,1
c1ccc2c(c1)C(=O)N(C2=O)C1CC[C@H](CC1)O.c1cc(ccc1C(F)(F)F)S(=O)(=O)F.C1CCC2=NCCCN2CC1,5
c1ccc2c(c1)C(=O)N(C2=O)C1CC[C@H](CC1)O.c1cc(ccc1[N+](=O)[O-])S(=O)(=O)F.C1CCC2=NCCCN2CC1,12
c1ccc2c(c1)C(=O)N(C2=O)C1CC[C@H](CC1)O.C(C(C(F)(F)S(=O)(=O)F)(F)F)(C(F)(F)F)(F)F.C1CCC2=NCCCN2CC1,40
c1ccc2c(c1)C(=O)N(C2=O)C1CC[C@H](CC1)O.c1cc(ccc1S(=O)(=O)F)Cl.CN1CCCN2CCCN=C12,2
c1ccc2c(c1)C(=O)N(C2=O)C1CC[C@H](CC1)O.c1ccnc(c1)S(=O)(=O)F.CN1CCCN2CCCN=C12,3
c1ccc2c(c1)C(=O)N(C2=O)C1CC[C@H](CC1)O.c1cc(ccc1C(F)(F)F)S(=O)(=O)F.CN1CCCN2CCCN=C12,6
c1ccc2c(c1)C(=O)N(C2=O)C1CC[C@H](CC1)O.c1cc(ccc1[N+](=O)[O-])S(=O)(=O)F.CN1CCCN2CCCN=C12,12
c1ccc2c(c1)C(=O)N(C2=O)C1CC[C@H](CC1)O.C(C(C(F)(F)S(=O)(=O)F)(F)F)(C(F)(F)F)(F)F.CN1CCCN2CCCN=C12,48
c1ccc2c(c1)C(=O)N(C2=O)C1CC[C@H](CC1)O.c1cc(ccc1S(=O)(=O)F)Cl.CC(C)(C)N=C(N(C)C)N(C)C,2
c1ccc2c(c1)C(=O)N(C2=O)C1CC[C@H](CC1)O.c1ccnc(c1)S(=O)(=O)F.CC(C)(C)N=C(N(C)C)N(C)C,2
c1ccc2c(c1)C(=O)N(C2=O)C1CC[C@H](CC1)O.c1cc(ccc1C(F)(F)F)S(=O)(=O)F.CC(C)(C)N=C(N(C)C)N(C)C,5
c1ccc2c(c1)C(=O)N(C2=O)C1CC[C@H](CC1)O.c1cc(ccc1[N+](=O)[O-])S(=O)(=O)F.CC(C)(C)N=C(N(C)C)N(C)C,11
c1ccc2c(c1)C(=O)N(C2=O)C1CC[C@H](CC1)O.C(C(C(F)(F)S(=O)(=O)F)(F)F)(C(F)(F)F)(F)F.CC(C)(C)N=C(N(C)C)N(C)C,50
c1ccc2c(c1)C(=O)N(C2=O)C1CC[C@H](CC1)O.c1cc(ccc1S(=O)(=O)F)Cl.CC(C)(C)N=P(N1CCCC1)(N2CCCC2)N3CCCC3,2
c1ccc2c(c1)C(=O)N(C2=O)C1CC[C@H](CC1)O.c1ccnc(c1)S(=O)(=O)F.CC(C)(C)N=P(N1CCCC1)(N2CCCC2)N3CCCC3,2
c1ccc2c(c1)C(=O)N(C2=O)C1CC[C@H](CC1)O.c1cc(ccc1C(F)(F)F)S(=O)(=O)F.CC(C)(C)N=P(N1CCCC1)(N2CCCC2)N3CCCC3,9
c1ccc2c(c1)C(=O)N(C2=O)C1CC[C@H](CC1)O.c1cc(ccc1[N+](=O)[O-])S(=O)(=O)F.CC(C)(C)N=P(N1CCCC1)(N2CCCC2)N3CCCC3,11
c1ccc2c(c1)C(=O)N(C2=O)C1CC[C@H](CC1)O.C(C(C(F)(F)S(=O)(=O)F)(F)F)(C(F)(F)F)(F)F.CC(C)(C)N=P(N1CCCC1)(N2CCCC2)N3CCCC3,45
c1ccc2c(c1)C(=O)N(C2=O)C1CC[C@@H](CC1)O.c1cc(ccc1S(=O)(=O)F)Cl.C1CCC2=NCCCN2CC1,4
c1ccc2c(c1)C(=O)N(C2=O)C1CC[C@@H](CC1)O.c1ccnc(c1)S(=O)(=O)F.C1CCC2=NCCCN2CC1,6
c1ccc2c(c1)C(=O)N(C2=O)C1CC[C@@H](CC1)O.c1cc(ccc1C(F)(F)F)S(=O)(=O)F.C1CCC2=NCCCN2CC1,7
c1ccc2c(c1)C(=O)N(C2=O)C1CC[C@@H](CC1)O.c1cc(ccc1[N+](=O)[O-])S(=O)(=O)F.C1CCC2=NCCCN2CC1,7
c1ccc2c(c1)C(=O)N(C2=O)C1CC[C@@H](CC1)O.C(C(C(F)(F)S(=O)(=O)F)(F)F)(C(F)(F)F)(F)F.C1CCC2=NCCCN2CC1,8
c1ccc2c(c1)C(=O)N(C2=O)C1CC[C@@H](CC1)O.c1cc(ccc1S(=O)(=O)F)Cl.CN1CCCN2CCCN=C12,5
c1ccc2c(c1)C(=O)N(C2=O)C1CC[C@@H](CC1)O.c1ccnc(c1)S(=O)(=O)F.CN1CCCN2CCCN=C12,7
c1ccc2c(c1)C(=O)N(C2=O)C1CC[C@@H](CC1)O.c1cc(ccc1C(F)(F)F)S(=O)(=O)F.CN1CCCN2CCCN=C12,9
c1ccc2c(c1)C(=O)N(C2=O)C1CC[C@@H](CC1)O.c1cc(ccc1[N+](=O)[O-])S(=O)(=O)F.CN1CCCN2CCCN=C12,7
c1ccc2c(c1)C(=O)N(C2=O)C1CC[C@@H](CC1)O.C(C(C(F)(F)S(=O)(=O)F)(F)F)(C(F)(F)F)(F)F.CN1CCCN2CCCN=C12,11
c1ccc2c(c1)C(=O)N(C2=O)C1CC[C@@H](CC1)O.c1cc(ccc1S(=O)(=O)F)Cl.CC(C)(C)N=C(N(C)C)N(C)C,1
c1ccc2c(c1)C(=O)N(C2=O)C1CC[C@@H](CC1)O.c1ccnc(c1)S(=O)(=O)F.CC(C)(C)N=C(N(C)C)N(C)C,4
c1ccc2c(c1)C(=O)N(C2=O)C1CC[C@@H](CC1)O.c1cc(ccc1C(F)(F)F)S(=O)(=O)F.CC(C)(C)N=C(N(C)C)N(C)C,6
c1ccc2c(c1)C(=O)N(C2=O)C1CC[C@@H](CC1)O.c1cc(ccc1[N+](=O)[O-])S(=O)(=O)F.CC(C)(C)N=C(N(C)C)N(C)C,6
c1ccc2c(c1)C(=O)N(C2=O)C1CC[C@@H](CC1)O.C(C(C(F)(F)S(=O)(=O)F)(F)F)(C(F)(F)F)(F)F.CC(C)(C)N=C(N(C)C)N(C)C,12
c1ccc2c(c1)C(=O)N(C2=O)C1CC[C@@H](CC1)O.c1cc(ccc1S(=O)(=O)F)Cl.CC(C)(C)N=P(N1CCCC1)(N2CCCC2)N3CCCC3,2
c1ccc2c(c1)C(=O)N(C2=O)C1CC[C@@H](CC1)O.c1ccnc(c1)S(=O)(=O)F.CC(C)(C)N=P(N1CCCC1)(N2CCCC2)N3CCCC3,3
c1ccc2c(c1)C(=O)N(C2=O)C1CC[C@@H](CC1)O.c1cc(ccc1C(F)(F)F)S(=O)(=O)F.CC(C)(C)N=P(N1CCCC1)(N2CCCC2)N3CCCC3,6
c1ccc2c(c1)C(=O)N(C2=O)C1CC[C@@H](CC1)O.c1cc(ccc1[N+](=O)[O-])S(=O)(=O)F.CC(C)(C)N=P(N1CCCC1)(N2CCCC2)N3CCCC3,5
c1ccc2c(c1)C(=O)N(C2=O)C1CC[C@@H](CC1)O.C(C(C(F)(F)S(=O)(=O)F)(F)F)(C(F)(F)F)(F)F.CC(C)(C)N=P(N1CCCC1)(N2CCCC2)N3CCCC3,13
C1C2C[C@H](CC(C1)N2C(=O)OC(C)(C)C)O.c1cc(ccc1S(=O)(=O)F)Cl.C1CCC2=NCCCN2CC1,17
C1C2C[C@H](CC(C1)N2C(=O)OC(C)(C)C)O.c1ccnc(c1)S(=O)(=O)F.C1CCC2=NCCCN2CC1,35
C1C2C[C@H](CC(C1)N2C(=O)OC(C)(C)C)O.c1cc(ccc1C(F)(F)F)S(=O)(=O)F.C1CCC2=NCCCN2CC1,38
C1C2C[C@H](CC(C1)N2C(=O)OC(C)(C)C)O.c1cc(ccc1[N+](=O)[O-])S(=O)(=O)F.C1CCC2=NCCCN2CC1,40
C1C2C[C@H](CC(C1)N2C(=O)OC(C)(C)C)O.C(C(C(F)(F)S(=O)(=O)F)(F)F)(C(F)(F)F)(F)F.C1CCC2=NCCCN2CC1,23
C1C2C[C@H](CC(C1)N2C(=O)OC(C)(C)C)O.c1cc(ccc1S(=O)(=O)F)Cl.CN1CCCN2CCCN=C12,18
C1C2C[C@H](CC(C1)N2C(=O)OC(C)(C)C)O.c1ccnc(c1)S(=O)(=O)F.CN1CCCN2CCCN=C12,26
C1C2C[C@H](CC(C1)N2C(=O)OC(C)(C)C)O.c1cc(ccc1C(F)(F)F)S(=O)(=O)F.CN1CCCN2CCCN=C12,39
C1C2C[C@H](CC(C1)N2C(=O)OC(C)(C)C)O.c1cc(ccc1[N+](=O)[O-])S(=O)(=O)F.CN1CCCN2CCCN=C12,41
C1C2C[C@H](CC(C1)N2C(=O)OC(C)(C)C)O.C(C(C(F)(F)S(=O)(=O)F)(F)F)(C(F)(F)F)(F)F.CN1CCCN2CCCN=C12,44
C1C2C[C@H](CC(C1)N2C(=O)OC(C)(C)C)O.c1cc(ccc1S(=O)(=O)F)Cl.CC(C)(C)N=C(N(C)C)N(C)C,1
C1C2C[C@H](CC(C1)N2C(=O)OC(C)(C)C)O.c1ccnc(c1)S(=O)(=O)F.CC(C)(C)N=C(N(C)C)N(C)C,20
C1C2C[C@H](CC(C1)N2C(=O)OC(C)(C)C)O.c1cc(ccc1C(F)(F)F)S(=O)(=O)F.CC(C)(C)N=C(N(C)C)N(C)C,26
C1C2C[C@H](CC(C1)N2C(=O)OC(C)(C)C)O.c1cc(ccc1[N+](=O)[O-])S(=O)(=O)F.CC(C)(C)N=C(N(C)C)N(C)C,38
C1C2C[C@H](CC(C1)N2C(=O)OC(C)(C)C)O.C(C(C(F)(F)S(=O)(=O)F)(F)F)(C(F)(F)F)(F)F.CC(C)(C)N=C(N(C)C)N(C)C,52
C1C2C[C@H](CC(C1)N2C(=O)OC(C)(C)C)O.c1cc(ccc1S(=O)(=O)F)Cl.CC(C)(C)N=P(N1CCCC1)(N2CCCC2)N3CCCC3,11
C1C2C[C@H](CC(C1)N2C(=O)OC(C)(C)C)O.c1ccnc(c1)S(=O)(=O)F.CC(C)(C)N=P(N1CCCC1)(N2CCCC2)N3CCCC3,24
C1C2C[C@H](CC(C1)N2C(=O)OC(C)(C)C)O.c1cc(ccc1C(F)(F)F)S(=O)(=O)F.CC(C)(C)N=P(N1CCCC1)(N2CCCC2)N3CCCC3,32
C1C2C[C@H](CC(C1)N2C(=O)OC(C)(C)C)O.c1cc(ccc1[N+](=O)[O-])S(=O)(=O)F.CC(C)(C)N=P(N1CCCC1)(N2CCCC2)N3CCCC3,28
C1C2C[C@H](CC(C1)N2C(=O)OC(C)(C)C)O.C(C(C(F)(F)S(=O)(=O)F)(F)F)(C(F)(F)F)(F)F.CC(C)(C)N=P(N1CCCC1)(N2CCCC2)N3CCCC3,50
c1c(ccc(c1)CO)c1ccccc1.c1cc(ccc1S(=O)(=O)F)Cl.C1CCC2=NCCCN2CC1,11
c1c(ccc(c1)CO)c1ccccc1.c1ccnc(c1)S(=O)(=O)F.C1CCC2=NCCCN2CC1,12
c1c(ccc(c1)CO)c1ccccc1.c1cc(ccc1C(F)(F)F)S(=O)(=O)F.C1CCC2=NCCCN2CC1,17
c1c(ccc(c1)CO)c1ccccc1.c1cc(ccc1[N+](=O)[O-])S(=O)(=O)F.C1CCC2=NCCCN2CC1,21
c1c(ccc(c1)CO)c1ccccc1.C(C(C(F)(F)S(=O)(=O)F)(F)F)(C(F)(F)F)(F)F.C1CCC2=NCCCN2CC1,23
c1c(ccc(c1)CO)c1ccccc1.c1cc(ccc1S(=O)(=O)F)Cl.CN1CCCN2CCCN=C12,36
c1c(ccc(c1)CO)c1ccccc1.c1ccnc(c1)S(=O)(=O)F.CN1CCCN2CCCN=C12,26
c1c(ccc(c1)CO)c1ccccc1.c1cc(ccc1C(F)(F)F)S(=O)(=O)F.CN1CCCN2CCCN=C12,36
c1c(ccc(c1)CO)c1ccccc1.c1cc(ccc1[N+](=O)[O-])S(=O)(=O)F.CN1CCCN2CCCN=C12,41
c1c(ccc(c1)CO)c1ccccc1.C(C(C(F)(F)S(=O)(=O)F)(F)F)(C(F)(F)F)(F)F.CN1CCCN2CCCN=C12,37
c1c(ccc(c1)CO)c1ccccc1.c1cc(ccc1S(=O)(=O)F)Cl.CC(C)(C)N=C(N(C)C)N(C)C,83
c1c(ccc(c1)CO)c1ccccc1.c1ccnc(c1)S(=O)(=O)F.CC(C)(C)N=C(N(C)C)N(C)C,57
c1c(ccc(c1)CO)c1ccccc1.c1cc(ccc1C(F)(F)F)S(=O)(=O)F.CC(C)(C)N=C(N(C)C)N(C)C,83
c1c(ccc(c1)CO)c1ccccc1.c1cc(ccc1[N+](=O)[O-])S(=O)(=O)F.CC(C)(C)N=C(N(C)C)N(C)C,83
c1c(ccc(c1)CO)c1ccccc1.C(C(C(F)(F)S(=O)(=O)F)(F)F)(C(F)(F)F)(F)F.CC(C)(C)N=C(N(C)C)N(C)C,48
c1c(ccc(c1)CO)c1ccccc1.c1cc(ccc1S(=O)(=O)F)Cl.CC(C)(C)N=P(N1CCCC1)(N2CCCC2)N3CCCC3,92
c1c(ccc(c1)CO)c1ccccc1.c1ccnc(c1)S(=O)(=O)F.CC(C)(C)N=P(N1CCCC1)(N2CCCC2)N3CCCC3,77
c1c(ccc(c1)CO)c1ccccc1.c1cc(ccc1C(F)(F)F)S(=O)(=O)F.CC(C)(C)N=P(N1CCCC1)(N2CCCC2)N3CCCC3,99
c1c(ccc(c1)CO)c1ccccc1.c1cc(ccc1[N+](=O)[O-])S(=O)(=O)F.CC(C)(C)N=P(N1CCCC1)(N2CCCC2)N3CCCC3,91
c1c(ccc(c1)CO)c1ccccc1.C(C(C(F)(F)S(=O)(=O)F)(F)F)(C(F)(F)F)(F)F.CC(C)(C)N=P(N1CCCC1)(N2CCCC2)N3CCCC3,68
c1c(ccc(c1)CO)S(=O)(=O)N(CCC)CCC.c1cc(ccc1S(=O)(=O)F)Cl.C1CCC2=NCCCN2CC1,18
c1c(ccc(c1)CO)S(=O)(=O)N(CCC)CCC.c1ccnc(c1)S(=O)(=O)F.C1CCC2=NCCCN2CC1,17
c1c(ccc(c1)CO)S(=O)(=O)N(CCC)CCC.c1cc(ccc1C(F)(F)F)S(=O)(=O)F.C1CCC2=NCCCN2CC1,9
c1c(ccc(c1)CO)S(=O)(=O)N(CCC)CCC.c1cc(ccc1[N+](=O)[O-])S(=O)(=O)F.C1CCC2=NCCCN2CC1,28
c1c(ccc(c1)CO)S(=O)(=O)N(CCC)CCC.C(C(C(F)(F)S(=O)(=O)F)(F)F)(C(F)(F)F)(F)F.C1CCC2=NCCCN2CC1,29
c1c(ccc(c1)CO)S(=O)(=O)N(CCC)CCC.c1cc(ccc1S(=O)(=O)F)Cl.CN1CCCN2CCCN=C12,36
c1c(ccc(c1)CO)S(=O)(=O)N(CCC)CCC.c1ccnc(c1)S(=O)(=O)F.CN1CCCN2CCCN=C12,41
c1c(ccc(c1)CO)S(=O)(=O)N(CCC)CCC.c1cc(ccc1C(F)(F)F)S(=O)(=O)F.CN1CCCN2CCCN=C12,38
c1c(ccc(c1)CO)S(=O)(=O)N(CCC)CCC.c1cc(ccc1[N+](=O)[O-])S(=O)(=O)F.CN1CCCN2CCCN=C12,42
c1c(ccc(c1)CO)S(=O)(=O)N(CCC)CCC.C(C(C(F)(F)S(=O)(=O)F)(F)F)(C(F)(F)F)(F)F.CN1CCCN2CCCN=C12,44
c1c(ccc(c1)CO)S(=O)(=O)N(CCC)CCC.c1cc(ccc1S(=O)(=O)F)Cl.CC(C)(C)N=C(N(C)C)N(C)C,79
c1c(ccc(c1)CO)S(=O)(=O)N(CCC)CCC.c1ccnc(c1)S(=O)(=O)F.CC(C)(C)N=C(N(C)C)N(C)C,74
c1c(ccc(c1)CO)S(=O)(=O)N(CCC)CCC.c1cc(ccc1C(F)(F)F)S(=O)(=O)F.CC(C)(C)N=C(N(C)C)N(C)C,85
c1c(ccc(c1)CO)S(=O)(=O)N(CCC)CCC.c1cc(ccc1[N+](=O)[O-])S(=O)(=O)F.CC(C)(C)N=C(N(C)C)N(C)C,84
c1c(ccc(c1)CO)S(=O)(=O)N(CCC)CCC.C(C(C(F)(F)S(=O)(=O)F)(F)F)(C(F)(F)F)(F)F.CC(C)(C)N=C(N(C)C)N(C)C,66
c1c(ccc(c1)CO)S(=O)(=O)N(CCC)CCC.c1cc(ccc1S(=O)(=O)F)Cl.CC(C)(C)N=P(N1CCCC1)(N2CCCC2)N3CCCC3,90
c1c(ccc(c1)CO)S(=O)(=O)N(CCC)CCC.c1ccnc(c1)S(=O)(=O)F.CC(C)(C)N=P(N1CCCC1)(N2CCCC2)N3CCCC3,85
c1c(ccc(c1)CO)S(=O)(=O)N(CCC)CCC.c1cc(ccc1C(F)(F)F)S(=O)(=O)F.CC(C)(C)N=P(N1CCCC1)(N2CCCC2)N3CCCC3,97
c1c(ccc(c1)CO)S(=O)(=O)N(CCC)CCC.c1cc(ccc1[N+](=O)[O-])S(=O)(=O)F.CC(C)(C)N=P(N1CCCC1)(N2CCCC2)N3CCCC3,89
c1c(ccc(c1)CO)S(=O)(=O)N(CCC)CCC.C(C(C(F)(F)S(=O)(=O)F)(F)F)(C(F)(F)F)(F)F.CC(C)(C)N=P(N1CCCC1)(N2CCCC2)N3CCCC3,68
c1cccc(c1c1nnnn1C(c1ccccc1)(c1ccccc1)c1ccccc1)c1ccc(cc1)Cn1c(c(nc1CCCC)Cl)CO.c1cc(ccc1S(=O)(=O)F)Cl.C1CCC2=NCCCN2CC1,33
c1cccc(c1c1nnnn1C(c1ccccc1)(c1ccccc1)c1ccccc1)c1ccc(cc1)Cn1c(c(nc1CCCC)Cl)CO.c1ccnc(c1)S(=O)(=O)F.C1CCC2=NCCCN2CC1,8
c1cccc(c1c1nnnn1C(c1ccccc1)(c1ccccc1)c1ccccc1)c1ccc(cc1)Cn1c(c(nc1CCCC)Cl)CO.c1cc(ccc1C(F)(F)F)S(=O)(=O)F.C1CCC2=NCCCN2CC1,36
c1cccc(c1c1nnnn1C(c1ccccc1)(c1ccccc1)c1ccccc1)c1ccc(cc1)Cn1c(c(nc1CCCC)Cl)CO.c1cc(ccc1[N+](=O)[O-])S(=O)(=O)F.C1CCC2=NCCCN2CC1,37
c1cccc(c1c1nnnn1C(c1ccccc1)(c1ccccc1)c1ccccc1)c1ccc(cc1)Cn1c(c(nc1CCCC)Cl)CO.C(C(C(F)(F)S(=O)(=O)F)(F)F)(C(F)(F)F)(F)F.C1CCC2=NCCCN2CC1,33
c1cccc(c1c1nnnn1C(c1ccccc1)(c1ccccc1)c1ccccc1)c1ccc(cc1)Cn1c(c(nc1CCCC)Cl)CO.c1cc(ccc1S(=O)(=O)F)Cl.CN1CCCN2CCCN=C12,38
c1cccc(c1c1nnnn1C(c1ccccc1)(c1ccccc1)c1ccccc1)c1ccc(cc1)Cn1c(c(nc1CCCC)Cl)CO.c1ccnc(c1)S(=O)(=O)F.CN1CCCN2CCCN=C12,9
c1cccc(c1c1nnnn1C(c1ccccc1)(c1ccccc1)c1ccccc1)c1ccc(cc1)Cn1c(c(nc1CCCC)Cl)CO.c1cc(ccc1C(F)(F)F)S(=O)(=O)F.CN1CCCN2CCCN=C12,38
c1cccc(c1c1nnnn1C(c1ccccc1)(c1ccccc1)c1ccccc1)c1ccc(cc1)Cn1c(c(nc1CCCC)Cl)CO.c1cc(ccc1[N+](=O)[O-])S(=O)(=O)F.CN1CCCN2CCCN=C12,40
c1cccc(c1c1nnnn1C(c1ccccc1)(c1ccccc1)c1ccccc1)c1ccc(cc1)Cn1c(c(nc1CCCC)Cl)CO.C(C(C(F)(F)S(=O)(=O)F)(F)F)(C(F)(F)F)(F)F.CN1CCCN2CCCN=C12,39
c1cccc(c1c1nnnn1C(c1ccccc1)(c1ccccc1)c1ccccc1)c1ccc(cc1)Cn1c(c(nc1CCCC)Cl)CO.c1cc(ccc1S(=O)(=O)F)Cl.CC(C)(C)N=C(N(C)C)N(C)C,45
c1cccc(c1c1nnnn1C(c1ccccc1)(c1ccccc1)c1ccccc1)c1ccc(cc1)Cn1c(c(nc1CCCC)Cl)CO.c1ccnc(c1)S(=O)(=O)F.CC(C)(C)N=C(N(C)C)N(C)C,7
c1cccc(c1c1nnnn1C(c1ccccc1)(c1ccccc1)c1ccccc1)c1ccc(cc1)Cn1c(c(nc1CCCC)Cl)CO.c1cc(ccc1C(F)(F)F)S(=O)(=O)F.CC(C)(C)N=C(N(C)C)N(C)C,44
c1cccc(c1c1nnnn1C(c1ccccc1)(c1ccccc1)c1ccccc1)c1ccc(cc1)Cn1c(c(nc1CCCC)Cl)CO.c1cc(ccc1[N+](=O)[O-])S(=O)(=O)F.CC(C)(C)N=C(N(C)C)N(C)C,49
c1cccc(c1c1nnnn1C(c1ccccc1)(c1ccccc1)c1ccccc1)c1ccc(cc1)Cn1c(c(nc1CCCC)Cl)CO.C(C(C(F)(F)S(=O)(=O)F)(F)F)(C(F)(F)F)(F)F.CC(C)(C)N=C(N(C)C)N(C)C,39
c1cccc(c1c1nnnn1C(c1ccccc1)(c1ccccc1)c1ccccc1)c1ccc(cc1)Cn1c(c(nc1CCCC)Cl)CO.c1cc(ccc1S(=O)(=O)F)Cl.CC(C)(C)N=P(N1CCCC1)(N2CCCC2)N3CCCC3,47
c1cccc(c1c1nnnn1C(c1ccccc1)(c1ccccc1)c1ccccc1)c1ccc(cc1)Cn1c(c(nc1CCCC)Cl)CO.c1ccnc(c1)S(=O)(=O)F.CC(C)(C)N=P(N1CCCC1)(N2CCCC2)N3CCCC3,5
c1cccc(c1c1nnnn1C(c1ccccc1)(c1ccccc1)c1ccccc1)c1ccc(cc1)Cn1c(c(nc1CCCC)Cl)CO.c1cc(ccc1C(F)(F)F)S(=O)(=O)F.CC(C)(C)N=P(N1CCCC1)(N2CCCC2)N3CCCC3,44
c1cccc(c1c1nnnn1C(c1ccccc1)(c1ccccc1)c1ccccc1)c1ccc(cc1)Cn1c(c(nc1CCCC)Cl)CO.c1cc(ccc1[N+](=O)[O-])S(=O)(=O)F.CC(C)(C)N=P(N1CCCC1)(N2CCCC2)N3CCCC3,48
c1cccc(c1c1nnnn1C(c1ccccc1)(c1ccccc1)c1ccccc1)c1ccc(cc1)Cn1c(c(nc1CCCC)Cl)CO.C(C(C(F)(F)S(=O)(=O)F)(F)F)(C(F)(F)F)(F)F.CC(C)(C)N=P(N1CCCC1)(N2CCCC2)N3CCCC3,47
n1c(cc(n1CO)C)C.c1cc(ccc1S(=O)(=O)F)Cl.C1CCC2=NCCCN2CC1,38
n1c(cc(n1CO)C)C.c1ccnc(c1)S(=O)(=O)F.C1CCC2=NCCCN2CC1,30
n1c(cc(n1CO)C)C.c1cc(ccc1C(F)(F)F)S(=O)(=O)F.C1CCC2=NCCCN2CC1,43
n1c(cc(n1CO)C)C.c1cc(ccc1[N+](=O)[O-])S(=O)(=O)F.C1CCC2=NCCCN2CC1,46
n1c(cc(n1CO)C)C.C(C(C(F)(F)S(=O)(=O)F)(F)F)(C(F)(F)F)(F)F.C1CCC2=NCCCN2CC1,47
n1c(cc(n1CO)C)C.c1cc(ccc1S(=O)(=O)F)Cl.CN1CCCN2CCCN=C12,59
n1c(cc(n1CO)C)C.c1ccnc(c1)S(=O)(=O)F.CN1CCCN2CCCN=C12,41
n1c(cc(n1CO)C)C.c1cc(ccc1C(F)(F)F)S(=O)(=O)F.CN1CCCN2CCCN=C12,58
n1c(cc(n1CO)C)C.c1cc(ccc1[N+](=O)[O-])S(=O)(=O)F.CN1CCCN2CCCN=C12,55
n1c(cc(n1CO)C)C.C(C(C(F)(F)S(=O)(=O)F)(F)F)(C(F)(F)F)(F)F.CN1CCCN2CCCN=C12,55
n1c(cc(n1CO)C)C.c1cc(ccc1S(=O)(=O)F)Cl.CC(C)(C)N=C(N(C)C)N(C)C,62
n1c(cc(n1CO)C)C.c1ccnc(c1)S(=O)(=O)F.CC(C)(C)N=C(N(C)C)N(C)C,37
n1c(cc(n1CO)C)C.c1cc(ccc1C(F)(F)F)S(=O)(=O)F.CC(C)(C)N=C(N(C)C)N(C)C,59
n1c(cc(n1CO)C)C.c1cc(ccc1[N+](=O)[O-])S(=O)(=O)F.CC(C)(C)N=C(N(C)C)N(C)C,59
n1c(cc(n1CO)C)C.C(C(C(F)(F)S(=O)(=O)F)(F)F)(C(F)(F)F)(F)F.CC(C)(C)N=C(N(C)C)N(C)C,52
n1c(cc(n1CO)C)C.c1cc(ccc1S(=O)(=O)F)Cl.CC(C)(C)N=P(N1CCCC1)(N2CCCC2)N3CCCC3,66
n1c(cc(n1CO)C)C.c1ccnc(c1)S(=O)(=O)F.CC(C)(C)N=P(N1CCCC1)(N2CCCC2)N3CCCC3,34
n1c(cc(n1CO)C)C.c1cc(ccc1C(F)(F)F)S(=O)(=O)F.CC(C)(C)N=P(N1CCCC1)(N2CCCC2)N3CCCC3,65
n1c(cc(n1CO)C)C.c1cc(ccc1[N+](=O)[O-])S(=O)(=O)F.CC(C)(C)N=P(N1CCCC1)(N2CCCC2)N3CCCC3,60
n1c(cc(n1CO)C)C.C(C(C(F)(F)S(=O)(=O)F)(F)F)(C(F)(F)F)(F)F.CC(C)(C)N=P(N1CCCC1)(N2CCCC2)N3CCCC3,57
c1(c(cc(c(c1)C(C)O)[N+](=O)[O-])OCCCC(=O)OC)OC.c1cc(ccc1S(=O)(=O)F)Cl.C1CCC2=NCCCN2CC1,28
c1(c(cc(c(c1)C(C)O)[N+](=O)[O-])OCCCC(=O)OC)OC.c1ccnc(c1)S(=O)(=O)F.C1CCC2=NCCCN2CC1,29
c1(c(cc(c(c1)C(C)O)[N+](=O)[O-])OCCCC(=O)OC)OC.c1cc(ccc1C(F)(F)F)S(=O)(=O)F.C1CCC2=NCCCN2CC1,40
c1(c(cc(c(c1)C(C)O)[N+](=O)[O-])OCCCC(=O)OC)OC.c1cc(ccc1[N+](=O)[O-])S(=O)(=O)F.C1CCC2=NCCCN2CC1,38
c1(c(cc(c(c1)C(C)O)[N+](=O)[O-])OCCCC(=O)OC)OC.C(C(C(F)(F)S(=O)(=O)F)(F)F)(C(F)(F)F)(F)F.C1CCC2=NCCCN2CC1,25
c1(c(cc(c(c1)C(C)O)[N+](=O)[O-])OCCCC(=O)OC)OC.c1cc(ccc1S(=O)(=O)F)Cl.CN1CCCN2CCCN=C12,38
c1(c(cc(c(c1)C(C)O)[N+](=O)[O-])OCCCC(=O)OC)OC.c1ccnc(c1)S(=O)(=O)F.CN1CCCN2CCCN=C12,34
c1(c(cc(c(c1)C(C)O)[N+](=O)[O-])OCCCC(=O)OC)OC.c1cc(ccc1C(F)(F)F)S(=O)(=O)F.CN1CCCN2CCCN=C12,47
c1(c(cc(c(c1)C(C)O)[N+](=O)[O-])OCCCC(=O)OC)OC.c1cc(ccc1[N+](=O)[O-])S(=O)(=O)F.CN1CCCN2CCCN=C12,46
c1(c(cc(c(c1)C(C)O)[N+](=O)[O-])OCCCC(=O)OC)OC.C(C(C(F)(F)S(=O)(=O)F)(F)F)(C(F)(F)F)(F)F.CN1CCCN2CCCN=C12,18
c1(c(cc(c(c1)C(C)O)[N+](=O)[O-])OCCCC(=O)OC)OC.c1cc(ccc1S(=O)(=O)F)Cl.CC(C)(C)N=C(N(C)C)N(C)C,49
c1(c(cc(c(c1)C(C)O)[N+](=O)[O-])OCCCC(=O)OC)OC.c1ccnc(c1)S(=O)(=O)F.CC(C)(C)N=C(N(C)C)N(C)C,31
c1(c(cc(c(c1)C(C)O)[N+](=O)[O-])OCCCC(=O)OC)OC.c1cc(ccc1C(F)(F)F)S(=O)(=O)F.CC(C)(C)N=C(N(C)C)N(C)C,57
c1(c(cc(c(c1)C(C)O)[N+](=O)[O-])OCCCC(=O)OC)OC.c1cc(ccc1[N+](=O)[O-])S(=O)(=O)F.CC(C)(C)N=C(N(C)C)N(C)C,52
c1(c(cc(c(c1)C(C)O)[N+](=O)[O-])OCCCC(=O)OC)OC.C(C(C(F)(F)S(=O)(=O)F)(F)F)(C(F)(F)F)(F)F.CC(C)(C)N=C(N(C)C)N(C)C,18
c1(c(cc(c(c1)C(C)O)[N+](=O)[O-])OCCCC(=O)OC)OC.c1cc(ccc1S(=O)(=O)F)Cl.CC(C)(C)N=P(N1CCCC1)(N2CCCC2)N3CCCC3,41
c1(c(cc(c(c1)C(C)O)[N+](=O)[O-])OCCCC(=O)OC)OC.c1ccnc(c1)S(=O)(=O)F.CC(C)(C)N=P(N1CCCC1)(N2CCCC2)N3CCCC3,24
c1(c(cc(c(c1)C(C)O)[N+](=O)[O-])OCCCC(=O)OC)OC.c1cc(ccc1C(F)(F)F)S(=O)(=O)F.CC(C)(C)N=P(N1CCCC1)(N2CCCC2)N3CCCC3,52
c1(c(cc(c(c1)C(C)O)[N+](=O)[O-])OCCCC(=O)OC)OC.c1cc(ccc1[N+](=O)[O-])S(=O)(=O)F.CC(C)(C)N=P(N1CCCC1)(N2CCCC2)N3CCCC3,42
c1(c(cc(c(c1)C(C)O)[N+](=O)[O-])OCCCC(=O)OC)OC.C(C(C(F)(F)S(=O)(=O)F)(F)F)(C(F)(F)F)(F)F.CC(C)(C)N=P(N1CCCC1)(N2CCCC2)N3CCCC3,9
C1N(CCC1)[C@H]([C@@H](c1ccccc1)O)C.c1cc(ccc1S(=O)(=O)F)Cl.C1CCC2=NCCCN2CC1,23
C1N(CCC1)[C@H]([C@@H](c1ccccc1)O)C.c1ccnc(c1)S(=O)(=O)F.C1CCC2=NCCCN2CC1,42
C1N(CCC1)[C@H]([C@@H](c1ccccc1)O)C.c1cc(ccc1C(F)(F)F)S(=O)(=O)F.C1CCC2=NCCCN2CC1,19
C1N(CCC1)[C@H]([C@@H](c1ccccc1)O)C.c1cc(ccc1[N+](=O)[O-])S(=O)(=O)F.C1CCC2=NCCCN2CC1,34
C1N(CCC1)[C@H]([C@@H](c1ccccc1)O)C.C(C(C(F)(F)S(=O)(=O)F)(F)F)(C(F)(F)F)(F)F.C1CCC2=NCCCN2CC1,35
C1N(CCC1)[C@H]([C@@H](c1ccccc1)O)C.c1cc(ccc1S(=O)(=O)F)Cl.CN1CCCN2CCCN=C12,48
C1N(CCC1)[C@H]([C@@H](c1ccccc1)O)C.c1ccnc(c1)S(=O)(=O)F.CN1CCCN2CCCN=C12,59
C1N(CCC1)[C@H]([C@@H](c1ccccc1)O)C.c1cc(ccc1C(F)(F)F)S(=O)(=O)F.CN1CCCN2CCCN=C12,60
C1N(CCC1)[C@H]([C@@H](c1ccccc1)O)C.c1cc(ccc1[N+](=O)[O-])S(=O)(=O)F.CN1CCCN2CCCN=C12,63
C1N(CCC1)[C@H]([C@@H](c1ccccc1)O)C.C(C(C(F)(F)S(=O)(=O)F)(F)F)(C(F)(F)F)(F)F.CN1CCCN2CCCN=C12,63
C1N(CCC1)[C@H]([C@@H](c1ccccc1)O)C.c1cc(ccc1S(=O)(=O)F)Cl.CC(C)(C)N=C(N(C)C)N(C)C,10
C1N(CCC1)[C@H]([C@@H](c1ccccc1)O)C.c1ccnc(c1)S(=O)(=O)F.CC(C)(C)N=C(N(C)C)N(C)C,36
C1N(CCC1)[C@H]([C@@H](c1ccccc1)O)C.c1cc(ccc1C(F)(F)F)S(=O)(=O)F.CC(C)(C)N=C(N(C)C)N(C)C,41
C1N(CCC1)[C@H]([C@@H](c1ccccc1)O)C.c1cc(ccc1[N+](=O)[O-])S(=O)(=O)F.CC(C)(C)N=C(N(C)C)N(C)C,58
C1N(CCC1)[C@H]([C@@H](c1ccccc1)O)C.C(C(C(F)(F)S(=O)(=O)F)(F)F)(C(F)(F)F)(F)F.CC(C)(C)N=C(N(C)C)N(C)C,65
C1N(CCC1)[C@H]([C@@H](c1ccccc1)O)C.c1cc(ccc1S(=O)(=O)F)Cl.CC(C)(C)N=P(N1CCCC1)(N2CCCC2)N3CCCC3,18
C1N(CCC1)[C@H]([C@@H](c1ccccc1)O)C.c1ccnc(c1)S(=O)(=O)F.CC(C)(C)N=P(N1CCCC1)(N2CCCC2)N3CCCC3,43
C1N(CCC1)[C@H]([C@@H](c1ccccc1)O)C.c1cc(ccc1C(F)(F)F)S(=O)(=O)F.CC(C)(C)N=P(N1CCCC1)(N2CCCC2)N3CCCC3,55
C1N(CCC1)[C@H]([C@@H](c1ccccc1)O)C.c1cc(ccc1[N+](=O)[O-])S(=O)(=O)F.CC(C)(C)N=P(N1CCCC1)(N2CCCC2)N3CCCC3,35
C1N(CCC1)[C@H]([C@@H](c1ccccc1)O)C.C(C(C(F)(F)S(=O)(=O)F)(F)F)(C(F)(F)F)(F)F.CC(C)(C)N=P(N1CCCC1)(N2CCCC2)N3CCCC3,82
OC/C=C(/CC/C=C(\C)/CCC=C(C)C)\C.c1cc(ccc1S(=O)(=O)F)Cl.C1CCC2=NCCCN2CC1,6
OC/C=C(/CC/C=C(\C)/CCC=C(C)C)\C.c1ccnc(c1)S(=O)(=O)F.C1CCC2=NCCCN2CC1,6
OC/C=C(/CC/C=C(\C)/CCC=C(C)C)\C.c1cc(ccc1C(F)(F)F)S(=O)(=O)F.C1CCC2=NCCCN2CC1,8
OC/C=C(/CC/C=C(\C)/CCC=C(C)C)\C.c1cc(ccc1[N+](=O)[O-])S(=O)(=O)F.C1CCC2=NCCCN2CC1,11
OC/C=C(/CC/C=C(\C)/CCC=C(C)C)\C.C(C(C(F)(F)S(=O)(=O)F)(F)F)(C(F)(F)F)(F)F.C1CCC2=NCCCN2CC1,15
OC/C=C(/CC/C=C(\C)/CCC=C(C)C)\C.c1cc(ccc1S(=O)(=O)F)Cl.CN1CCCN2CCCN=C12,21
OC/C=C(/CC/C=C(\C)/CCC=C(C)C)\C.c1ccnc(c1)S(=O)(=O)F.CN1CCCN2CCCN=C12,16
OC/C=C(/CC/C=C(\C)/CCC=C(C)C)\C.c1cc(ccc1C(F)(F)F)S(=O)(=O)F.CN1CCCN2CCCN=C12,23
OC/C=C(/CC/C=C(\C)/CCC=C(C)C)\C.c1cc(ccc1[N+](=O)[O-])S(=O)(=O)F.CN1CCCN2CCCN=C12,22
OC/C=C(/CC/C=C(\C)/CCC=C(C)C)\C.C(C(C(F)(F)S(=O)(=O)F)(F)F)(C(F)(F)F)(F)F.CN1CCCN2CCCN=C12,25
OC/C=C(/CC/C=C(\C)/CCC=C(C)C)\C.c1cc(ccc1S(=O)(=O)F)Cl.CC(C)(C)N=C(N(C)C)N(C)C,33
OC/C=C(/CC/C=C(\C)/CCC=C(C)C)\C.c1ccnc(c1)S(=O)(=O)F.CC(C)(C)N=C(N(C)C)N(C)C,24
OC/C=C(/CC/C=C(\C)/CCC=C(C)C)\C.c1cc(ccc1C(F)(F)F)S(=O)(=O)F.CC(C)(C)N=C(N(C)C)N(C)C,34
OC/C=C(/CC/C=C(\C)/CCC=C(C)C)\C.c1cc(ccc1[N+](=O)[O-])S(=O)(=O)F.CC(C)(C)N=C(N(C)C)N(C)C,28
OC/C=C(/CC/C=C(\C)/CCC=C(C)C)\C.C(C(C(F)(F)S(=O)(=O)F)(F)F)(C(F)(F)F)(F)F.CC(C)(C)N=C(N(C)C)N(C)C,25
OC/C=C(/CC/C=C(\C)/CCC=C(C)C)\C.c1cc(ccc1S(=O)(=O)F)Cl.CC(C)(C)N=P(N1CCCC1)(N2CCCC2)N3CCCC3,52
OC/C=C(/CC/C=C(\C)/CCC=C(C)C)\C.c1ccnc(c1)S(=O)(=O)F.CC(C)(C)N=P(N1CCCC1)(N2CCCC2)N3CCCC3,36
OC/C=C(/CC/C=C(\C)/CCC=C(C)C)\C.c1cc(ccc1C(F)(F)F)S(=O)(=O)F.CC(C)(C)N=P(N1CCCC1)(N2CCCC2)N3CCCC3,52
OC/C=C(/CC/C=C(\C)/CCC=C(C)C)\C.c1cc(ccc1[N+](=O)[O-])S(=O)(=O)F.CC(C)(C)N=P(N1CCCC1)(N2CCCC2)N3CCCC3,39
OC/C=C(/CC/C=C(\C)/CCC=C(C)C)\C.C(C(C(F)(F)S(=O)(=O)F)(F)F)(C(F)(F)F)(F)F.CC(C)(C)N=P(N1CCCC1)(N2CCCC2)N3CCCC3,32
C=CC(CCCCCCC)O.c1cc(ccc1S(=O)(=O)F)Cl.C1CCC2=NCCCN2CC1,22
C=CC(CCCCCCC)O.c1ccnc(c1)S(=O)(=O)F.C1CCC2=NCCCN2CC1,12
C=CC(CCCCCCC)O.c1cc(ccc1C(F)(F)F)S(=O)(=O)F.C1CCC2=NCCCN2CC1,23
C=CC(CCCCCCC)O.c1cc(ccc1[N+](=O)[O-])S(=O)(=O)F.C1CCC2=NCCCN2CC1,22
C=CC(CCCCCCC)O.C(C(C(F)(F)S(=O)(=O)F)(F)F)(C(F)(F)F)(F)F.C1CCC2=NCCCN2CC1,13
C=CC(CCCCCCC)O.c1cc(ccc1S(=O)(=O)F)Cl.CN1CCCN2CCCN=C12,30
C=CC(CCCCCCC)O.c1ccnc(c1)S(=O)(=O)F.CN1CCCN2CCCN=C12,13
C=CC(CCCCCCC)O.c1cc(ccc1C(F)(F)F)S(=O)(=O)F.CN1CCCN2CCCN=C12,32
C=CC(CCCCCCC)O.c1cc(ccc1[N+](=O)[O-])S(=O)(=O)F.CN1CCCN2CCCN=C12,27
C=CC(CCCCCCC)O.C(C(C(F)(F)S(=O)(=O)F)(F)F)(C(F)(F)F)(F)F.CN1CCCN2CCCN=C12,15
C=CC(CCCCCCC)O.c1cc(ccc1S(=O)(=O)F)Cl.CC(C)(C)N=C(N(C)C)N(C)C,30
C=CC(CCCCCCC)O.c1ccnc(c1)S(=O)(=O)F.CC(C)(C)N=C(N(C)C)N(C)C,9
C=CC(CCCCCCC)O.c1cc(ccc1C(F)(F)F)S(=O)(=O)F.CC(C)(C)N=C(N(C)C)N(C)C,32
C=CC(CCCCCCC)O.c1cc(ccc1[N+](=O)[O-])S(=O)(=O)F.CC(C)(C)N=C(N(C)C)N(C)C,28
C=CC(CCCCCCC)O.C(C(C(F)(F)S(=O)(=O)F)(F)F)(C(F)(F)F)(F)F.CC(C)(C)N=C(N(C)C)N(C)C,13
C=CC(CCCCCCC)O.c1cc(ccc1S(=O)(=O)F)Cl.CC(C)(C)N=P(N1CCCC1)(N2CCCC2)N3CCCC3,28
C=CC(CCCCCCC)O.c1ccnc(c1)S(=O)(=O)F.CC(C)(C)N=P(N1CCCC1)(N2CCCC2)N3CCCC3,9
C=CC(CCCCCCC)O.c1cc(ccc1C(F)(F)F)S(=O)(=O)F.CC(C)(C)N=P(N1CCCC1)(N2CCCC2)N3CCCC3,36
C=CC(CCCCCCC)O.c1cc(ccc1[N+](=O)[O-])S(=O)(=O)F.CC(C)(C)N=P(N1CCCC1)(N2CCCC2)N3CCCC3,30
C=CC(CCCCCCC)O.C(C(C(F)(F)S(=O)(=O)F)(F)F)(C(F)(F)F)(F)F.CC(C)(C)N=P(N1CCCC1)(N2CCCC2)N3CCCC3,16
C=CC(CCC=C(C)C)(O)C.c1cc(ccc1S(=O)(=O)F)Cl.C1CCC2=NCCCN2CC1,0
C=CC(CCC=C(C)C)(O)C.c1ccnc(c1)S(=O)(=O)F.C1CCC2=NCCCN2CC1,1
C=CC(CCC=C(C)C)(O)C.c1cc(ccc1C(F)(F)F)S(=O)(=O)F.C1CCC2=NCCCN2CC1,1
C=CC(CCC=C(C)C)(O)C.c1cc(ccc1[N+](=O)[O-])S(=O)(=O)F.C1CCC2=NCCCN2CC1,2
C=CC(CCC=C(C)C)(O)C.C(C(C(F)(F)S(=O)(=O)F)(F)F)(C(F)(F)F)(F)F.C1CCC2=NCCCN2CC1,6
C=CC(CCC=C(C)C)(O)C.c1cc(ccc1S(=O)(=O)F)Cl.CN1CCCN2CCCN=C12,0
C=CC(CCC=C(C)C)(O)C.c1ccnc(c1)S(=O)(=O)F.CN1CCCN2CCCN=C12,1
C=CC(CCC=C(C)C)(O)C.c1cc(ccc1C(F)(F)F)S(=O)(=O)F.CN1CCCN2CCCN=C12,1
C=CC(CCC=C(C)C)(O)C.c1cc(ccc1[N+](=O)[O-])S(=O)(=O)F.CN1CCCN2CCCN=C12,2
C=CC(CCC=C(C)C)(O)C.C(C(C(F)(F)S(=O)(=O)F)(F)F)(C(F)(F)F)(F)F.CN1CCCN2CCCN=C12,9
C=CC(CCC=C(C)C)(O)C.c1cc(ccc1S(=O)(=O)F)Cl.CC(C)(C)N=C(N(C)C)N(C)C,0
C=CC(CCC=C(C)C)(O)C.c1ccnc(c1)S(=O)(=O)F.CC(C)(C)N=C(N(C)C)N(C)C,0
C=CC(CCC=C(C)C)(O)C.c1cc(ccc1C(F)(F)F)S(=O)(=O)F.CC(C)(C)N=C(N(C)C)N(C)C,0
C=CC(CCC=C(C)C)(O)C.c1cc(ccc1[N+](=O)[O-])S(=O)(=O)F.CC(C)(C)N=C(N(C)C)N(C)C,0
C=CC(CCC=C(C)C)(O)C.C(C(C(F)(F)S(=O)(=O)F)(F)F)(C(F)(F)F)(F)F.CC(C)(C)N=C(N(C)C)N(C)C,7
C=CC(CCC=C(C)C)(O)C.c1cc(ccc1S(=O)(=O)F)Cl.CC(C)(C)N=P(N1CCCC1)(N2CCCC2)N3CCCC3,0
C=CC(CCC=C(C)C)(O)C.c1ccnc(c1)S(=O)(=O)F.CC(C)(C)N=P(N1CCCC1)(N2CCCC2)N3CCCC3,0
C=CC(CCC=C(C)C)(O)C.c1cc(ccc1C(F)(F)F)S(=O)(=O)F.CC(C)(C)N=P(N1CCCC1)(N2CCCC2)N3CCCC3,0
C=CC(CCC=C(C)C)(O)C.c1cc(ccc1[N+](=O)[O-])S(=O)(=O)F.CC(C)(C)N=P(N1CCCC1)(N2CCCC2)N3CCCC3,0
C=CC(CCC=C(C)C)(O)C.C(C(C(F)(F)S(=O)(=O)F)(F)F)(C(F)(F)F)(F)F.CC(C)(C)N=P(N1CCCC1)(N2CCCC2)N3CCCC3,10
c1(ccc2c(c1)c(c(n2C(=O)c1ccc(cc1)Cl)C)CCO)OC.c1cc(ccc1S(=O)(=O)F)Cl.C1CCC2=NCCCN2CC1,46
c1(ccc2c(c1)c(c(n2C(=O)c1ccc(cc1)Cl)C)CCO)OC.c1ccnc(c1)S(=O)(=O)F.C1CCC2=NCCCN2CC1,55
c1(ccc2c(c1)c(c(n2C(=O)c1ccc(cc1)Cl)C)CCO)OC.c1cc(ccc1C(F)(F)F)S(=O)(=O)F.C1CCC2=NCCCN2CC1,62
c1(ccc2c(c1)c(c(n2C(=O)c1ccc(cc1)Cl)C)CCO)OC.c1cc(ccc1[N+](=O)[O-])S(=O)(=O)F.C1CCC2=NCCCN2CC1,60
c1(ccc2c(c1)c(c(n2C(=O)c1ccc(cc1)Cl)C)CCO)OC.C(C(C(F)(F)S(=O)(=O)F)(F)F)(C(F)(F)F)(F)F.C1CCC2=NCCCN2CC1,52
c1(ccc2c(c1)c(c(n2C(=O)c1ccc(cc1)Cl)C)CCO)OC.c1cc(ccc1S(=O)(=O)F)Cl.CN1CCCN2CCCN=C12,75
c1(ccc2c(c1)c(c(n2C(=O)c1ccc(cc1)Cl)C)CCO)OC.c1ccnc(c1)S(=O)(=O)F.CN1CCCN2CCCN=C12,79
c1(ccc2c(c1)c(c(n2C(=O)c1ccc(cc1)Cl)C)CCO)OC.c1cc(ccc1C(F)(F)F)S(=O)(=O)F.CN1CCCN2CCCN=C12,86
c1(ccc2c(c1)c(c(n2C(=O)c1ccc(cc1)Cl)C)CCO)OC.c1cc(ccc1[N+](=O)[O-])S(=O)(=O)F.CN1CCCN2CCCN=C12,82
c1(ccc2c(c1)c(c(n2C(=O)c1ccc(cc1)Cl)C)CCO)OC.C(C(C(F)(F)S(=O)(=O)F)(F)F)(C(F)(F)F)(F)F.CN1CCCN2CCCN=C12,77
c1(ccc2c(c1)c(c(n2C(=O)c1ccc(cc1)Cl)C)CCO)OC.c1cc(ccc1S(=O)(=O)F)Cl.CC(C)(C)N=C(N(C)C)N(C)C,74
c1(ccc2c(c1)c(c(n2C(=O)c1ccc(cc1)Cl)C)CCO)OC.c1ccnc(c1)S(=O)(=O)F.CC(C)(C)N=C(N(C)C)N(C)C,79
c1(ccc2c(c1)c(c(n2C(=O)c1ccc(cc1)Cl)C)CCO)OC.c1cc(ccc1C(F)(F)F)S(=O)(=O)F.CC(C)(C)N=C(N(C)C)N(C)C,84
c1(ccc2c(c1)c(c(n2C(=O)c1ccc(cc1)Cl)C)CCO)OC.c1cc(ccc1[N+](=O)[O-])S(=O)(=O)F.CC(C)(C)N=C(N(C)C)N(C)C,86
c1(ccc2c(c1)c(c(n2C(=O)c1ccc(cc1)Cl)C)CCO)OC.C(C(C(F)(F)S(=O)(=O)F)(F)F)(C(F)(F)F)(F)F.CC(C)(C)N=C(N(C)C)N(C)C,78
c1(ccc2c(c1)c(c(n2C(=O)c1ccc(cc1)Cl)C)CCO)OC.c1cc(ccc1S(=O)(=O)F)Cl.CC(C)(C)N=P(N1CCCC1)(N2CCCC2)N3CCCC3,71
c1(ccc2c(c1)c(c(n2C(=O)c1ccc(cc1)Cl)C)CCO)OC.c1ccnc(c1)S(=O)(=O)F.CC(C)(C)N=P(N1CCCC1)(N2CCCC2)N3CCCC3,77
c1(ccc2c(c1)c(c(n2C(=O)c1ccc(cc1)Cl)C)CCO)OC.c1cc(ccc1C(F)(F)F)S(=O)(=O)F.CC(C)(C)N=P(N1CCCC1)(N2CCCC2)N3CCCC3,82
c1(ccc2c(c1)c(c(n2C(=O)c1ccc(cc1)Cl)C)CCO)OC.c1cc(ccc1[N+](=O)[O-])S(=O)(=O)F.CC(C)(C)N=P(N1CCCC1)(N2CCCC2)N3CCCC3,74
c1(ccc2c(c1)c(c(n2C(=O)c1ccc(cc1)Cl)C)CCO)OC.C(C(C(F)(F)S(=O)(=O)F)(F)F)(C(F)(F)F)(F)F.CC(C)(C)N=P(N1CCCC1)(N2CCCC2)N3CCCC3,83
c1(ncc(n1CCO)[N+](=O)[O-])C.c1cc(ccc1S(=O)(=O)F)Cl.C1CCC2=NCCCN2CC1,25
c1(ncc(n1CCO)[N+](=O)[O-])C.c1ccnc(c1)S(=O)(=O)F.C1CCC2=NCCCN2CC1,30
c1(ncc(n1CCO)[N+](=O)[O-])C.c1cc(ccc1C(F)(F)F)S(=O)(=O)F.C1CCC2=NCCCN2CC1,37
c1(ncc(n1CCO)[N+](=O)[O-])C.c1cc(ccc1[N+](=O)[O-])S(=O)(=O)F.C1CCC2=NCCCN2CC1,17
c1(ncc(n1CCO)[N+](=O)[O-])C.C(C(C(F)(F)S(=O)(=O)F)(F)F)(C(F)(F)F)(F)F.C1CCC2=NCCCN2CC1,71
c1(ncc(n1CCO)[N+](=O)[O-])C.c1cc(ccc1S(=O)(=O)F)Cl.CN1CCCN2CCCN=C12,32
c1(ncc(n1CCO)[N+](=O)[O-])C.c1ccnc(c1)S(=O)(=O)F.CN1CCCN2CCCN=C12,38
c1(ncc(n1CCO)[N+](=O)[O-])C.c1cc(ccc1C(F)(F)F)S(=O)(=O)F.CN1CCCN2CCCN=C12,37
c1(ncc(n1CCO)[N+](=O)[O-])C.c1cc(ccc1[N+](=O)[O-])S(=O)(=O)F.CN1CCCN2CCCN=C12,44
c1(ncc(n1CCO)[N+](=O)[O-])C.C(C(C(F)(F)S(=O)(=O)F)(F)F)(C(F)(F)F)(F)F.CN1CCCN2CCCN=C12,79
c1(ncc(n1CCO)[N+](=O)[O-])C.c1cc(ccc1S(=O)(=O)F)Cl.CC(C)(C)N=C(N(C)C)N(C)C,38
c1(ncc(n1CCO)[N+](=O)[O-])C.c1ccnc(c1)S(=O)(=O)F.CC(C)(C)N=C(N(C)C)N(C)C,42
c1(ncc(n1CCO)[N+](=O)[O-])C.c1cc(ccc1C(F)(F)F)S(=O)(=O)F.CC(C)(C)N=C(N(C)C)N(C)C,47
c1(ncc(n1CCO)[N+](=O)[O-])C.c1cc(ccc1[N+](=O)[O-])S(=O)(=O)F.CC(C)(C)N=C(N(C)C)N(C)C,49
c1(ncc(n1CCO)[N+](=O)[O-])C.C(C(C(F)(F)S(=O)(=O)F)(F)F)(C(F)(F)F)(F)F.CC(C)(C)N=C(N(C)C)N(C)C,87
c1(ncc(n1CCO)[N+](=O)[O-])C.c1cc(ccc1S(=O)(=O)F)Cl.CC(C)(C)N=P(N1CCCC1)(N2CCCC2)N3CCCC3,23
c1(ncc(n1CCO)[N+](=O)[O-])C.c1ccnc(c1)S(=O)(=O)F.CC(C)(C)N=P(N1CCCC1)(N2CCCC2)N3CCCC3,28
c1(ncc(n1CCO)[N+](=O)[O-])C.c1cc(ccc1C(F)(F)F)S(=O)(=O)F.CC(C)(C)N=P(N1CCCC1)(N2CCCC2)N3CCCC3,28
c1(ncc(n1CCO)[N+](=O)[O-])C.c1cc(ccc1[N+](=O)[O-])S(=O)(=O)F.CC(C)(C)N=P(N1CCCC1)(N2CCCC2)N3CCCC3,29
c1(ncc(n1CCO)[N+](=O)[O-])C.C(C(C(F)(F)S(=O)(=O)F)(F)F)(C(F)(F)F)(F)F.CC(C)(C)N=P(N1CCCC1)(N2CCCC2)N3CCCC3,51
C1[C@@H](CC2=CC[C@@H]3[C@@H]([C@]2(C1)C)CC[C@]1([C@H]3CC=C1c1cnccc1)C)O.c1cc(ccc1S(=O)(=O)F)Cl.C1CCC2=NCCCN2CC1,0
C1[C@@H](CC2=CC[C@@H]3[C@@H]([C@]2(C1)C)CC[C@]1([C@H]3CC=C1c1cnccc1)C)O.c1ccnc(c1)S(=O)(=O)F.C1CCC2=NCCCN2CC1,0
C1[C@@H](CC2=CC[C@@H]3[C@@H]([C@]2(C1)C)CC[C@]1([C@H]3CC=C1c1cnccc1)C)O.c1cc(ccc1C(F)(F)F)S(=O)(=O)F.C1CCC2=NCCCN2CC1,2
C1[C@@H](CC2=CC[C@@H]3[C@@H]([C@]2(C1)C)CC[C@]1([C@H]3CC=C1c1cnccc1)C)O.c1cc(ccc1[N+](=O)[O-])S(=O)(=O)F.C1CCC2=NCCCN2CC1,5
C1[C@@H](CC2=CC[C@@H]3[C@@H]([C@]2(C1)C)CC[C@]1([C@H]3CC=C1c1cnccc1)C)O.C(C(C(F)(F)S(=O)(=O)F)(F)F)(C(F)(F)F)(F)F.C1CCC2=NCCCN2CC1,13
C1[C@@H](CC2=CC[C@@H]3[C@@H]([C@]2(C1)C)CC[C@]1([C@H]3CC=C1c1cnccc1)C)O.c1cc(ccc1S(=O)(=O)F)Cl.CN1CCCN2CCCN=C12,0
C1[C@@H](CC2=CC[C@@H]3[C@@H]([C@]2(C1)C)CC[C@]1([C@H]3CC=C1c1cnccc1)C)O.c1ccnc(c1)S(=O)(=O)F.CN1CCCN2CCCN=C12,0
C1[C@@H](CC2=CC[C@@H]3[C@@H]([C@]2(C1)C)CC[C@]1([C@H]3CC=C1c1cnccc1)C)O.c1cc(ccc1C(F)(F)F)S(=O)(=O)F.CN1CCCN2CCCN=C12,1
C1[C@@H](CC2=CC[C@@H]3[C@@H]([C@]2(C1)C)CC[C@]1([C@H]3CC=C1c1cnccc1)C)O.c1cc(ccc1[N+](=O)[O-])S(=O)(=O)F.CN1CCCN2CCCN=C12,5
C1[C@@H](CC2=CC[C@@H]3[C@@H]([C@]2(C1)C)CC[C@]1([C@H]3CC=C1c1cnccc1)C)O.C(C(C(F)(F)S(=O)(=O)F)(F)F)(C(F)(F)F)(F)F.CN1CCCN2CCCN=C12,13
C1[C@@H](CC2=CC[C@@H]3[C@@H]([C@]2(C1)C)CC[C@]1([C@H]3CC=C1c1cnccc1)C)O.c1cc(ccc1S(=O)(=O)F)Cl.CC(C)(C)N=C(N(C)C)N(C)C,0
C1[C@@H](CC2=CC[C@@H]3[C@@H]([C@]2(C1)C)CC[C@]1([C@H]3CC=C1c1cnccc1)C)O.c1ccnc(c1)S(=O)(=O)F.CC(C)(C)N=C(N(C)C)N(C)C,0
C1[C@@H](CC2=CC[C@@H]3[C@@H]([C@]2(C1)C)CC[C@]1([C@H]3CC=C1c1cnccc1)C)O.c1cc(ccc1C(F)(F)F)S(=O)(=O)F.CC(C)(C)N=C(N(C)C)N(C)C,1
C1[C@@H](CC2=CC[C@@H]3[C@@H]([C@]2(C1)C)CC[C@]1([C@H]3CC=C1c1cnccc1)C)O.c1cc(ccc1[N+](=O)[O-])S(=O)(=O)F.CC(C)(C)N=C(N(C)C)N(C)C,3
C1[C@@H](CC2=CC[C@@H]3[C@@H]([C@]2(C1)C)CC[C@]1([C@H]3CC=C1c1cnccc1)C)O.C(C(C(F)(F)S(=O)(=O)F)(F)F)(C(F)(F)F)(F)F.CC(C)(C)N=C(N(C)C)N(C)C,9
C1[C@@H](CC2=CC[C@@H]3[C@@H]([C@]2(C1)C)CC[C@]1([C@H]3CC=C1c1cnccc1)C)O.c1cc(ccc1S(=O)(=O)F)Cl.CC(C)(C)N=P(N1CCCC1)(N2CCCC2)N3CCCC3,0
C1[C@@H](CC2=CC[C@@H]3[C@@H]([C@]2(C1)C)CC[C@]1([C@H]3CC=C1c1cnccc1)C)O.c1ccnc(c1)S(=O)(=O)F.CC(C)(C)N=P(N1CCCC1)(N2CCCC2)N3CCCC3,0
C1[C@@H](CC2=CC[C@@H]3[C@@H]([C@]2(C1)C)CC[C@]1([C@H]3CC=C1c1cnccc1)C)O.c1cc(ccc1C(F)(F)F)S(=O)(=O)F.CC(C)(C)N=P(N1CCCC1)(N2CCCC2)N3CCCC3,0
C1[C@@H](CC2=CC[C@@H]3[C@@H]([C@]2(C1)C)CC[C@]1([C@H]3CC=C1c1cnccc1)C)O.c1cc(ccc1[N+](=O)[O-])S(=O)(=O)F.CC(C)(C)N=P(N1CCCC1)(N2CCCC2)N3CCCC3,2
C1[C@@H](CC2=CC[C@@H]3[C@@H]([C@]2(C1)C)CC[C@]1([C@H]3CC=C1c1cnccc1)C)O.C(C(C(F)(F)S(=O)(=O)F)(F)F)(C(F)(F)F)(F)F.CC(C)(C)N=P(N1CCCC1)(N2CCCC2)N3CCCC3,7
O1CCC(C1=O)O.c1cc(ccc1S(=O)(=O)F)Cl.C1CCC2=NCCCN2CC1,58
O1CCC(C1=O)O.c1ccnc(c1)S(=O)(=O)F.C1CCC2=NCCCN2CC1,63
O1CCC(C1=O)O.c1cc(ccc1C(F)(F)F)S(=O)(=O)F.C1CCC2=NCCCN2CC1,55
O1CCC(C1=O)O.c1cc(ccc1[N+](=O)[O-])S(=O)(=O)F.C1CCC2=NCCCN2CC1,40
O1CCC(C1=O)O.C(C(C(F)(F)S(=O)(=O)F)(F)F)(C(F)(F)F)(F)F.C1CCC2=NCCCN2CC1,74
O1CCC(C1=O)O.c1cc(ccc1S(=O)(=O)F)Cl.CN1CCCN2CCCN=C12,63
O1CCC(C1=O)O.c1ccnc(c1)S(=O)(=O)F.CN1CCCN2CCCN=C12,72
O1CCC(C1=O)O.c1cc(ccc1C(F)(F)F)S(=O)(=O)F.CN1CCCN2CCCN=C12,64
O1CCC(C1=O)O.c1cc(ccc1[N+](=O)[O-])S(=O)(=O)F.CN1CCCN2CCCN=C12,37
O1CCC(C1=O)O.C(C(C(F)(F)S(=O)(=O)F)(F)F)(C(F)(F)F)(F)F.CN1CCCN2CCCN=C12,92
O1CCC(C1=O)O.c1cc(ccc1S(=O)(=O)F)Cl.CC(C)(C)N=C(N(C)C)N(C)C,79
O1CCC(C1=O)O.c1ccnc(c1)S(=O)(=O)F.CC(C)(C)N=C(N(C)C)N(C)C,80
O1CCC(C1=O)O.c1cc(ccc1C(F)(F)F)S(=O)(=O)F.CC(C)(C)N=C(N(C)C)N(C)C,81
O1CCC(C1=O)O.c1cc(ccc1[N+](=O)[O-])S(=O)(=O)F.CC(C)(C)N=C(N(C)C)N(C)C,43
O1CCC(C1=O)O.C(C(C(F)(F)S(=O)(=O)F)(F)F)(C(F)(F)F)(F)F.CC(C)(C)N=C(N(C)C)N(C)C,84
O1CCC(C1=O)O.c1cc(ccc1S(=O)(=O)F)Cl.CC(C)(C)N=P(N1CCCC1)(N2CCCC2)N3CCCC3,75
O1CCC(C1=O)O.c1ccnc(c1)S(=O)(=O)F.CC(C)(C)N=P(N1CCCC1)(N2CCCC2)N3CCCC3,65
O1CCC(C1=O)O.c1cc(ccc1C(F)(F)F)S(=O)(=O)F.CC(C)(C)N=P(N1CCCC1)(N2CCCC2)N3CCCC3,49
O1CCC(C1=O)O.c1cc(ccc1[N+](=O)[O-])S(=O)(=O)F.CC(C)(C)N=P(N1CCCC1)(N2CCCC2)N3CCCC3,44
O1CCC(C1=O)O.C(C(C(F)(F)S(=O)(=O)F)(F)F)(C(F)(F)F)(F)F.CC(C)(C)N=P(N1CCCC1)(N2CCCC2)N3CCCC3,79
C1=C[C@]2(C(=CC1=O)CC[C@@H]1[C@@H]2C(=O)C[C@]2([C@H]1CC[C@@]2(C(=O)CO)O)C)C.c1cc(ccc1S(=O)(=O)F)Cl.C1CCC2=NCCCN2CC1,32
C1=C[C@]2(C(=CC1=O)CC[C@@H]1[C@@H]2C(=O)C[C@]2([C@H]1CC[C@@]2(C(=O)CO)O)C)C.c1ccnc(c1)S(=O)(=O)F.C1CCC2=NCCCN2CC1,49
C1=C[C@]2(C(=CC1=O)CC[C@@H]1[C@@H]2C(=O)C[C@]2([C@H]1CC[C@@]2(C(=O)CO)O)C)C.c1cc(ccc1C(F)(F)F)S(=O)(=O)F.C1CCC2=NCCCN2CC1,40
C1=C[C@]2(C(=CC1=O)CC[C@@H]1[C@@H]2C(=O)C[C@]2([C@H]1CC[C@@]2(C(=O)CO)O)C)C.c1cc(ccc1[N+](=O)[O-])S(=O)(=O)F.C1CCC2=NCCCN2CC1,36
C1=C[C@]2(C(=CC1=O)CC[C@@H]1[C@@H]2C(=O)C[C@]2([C@H]1CC[C@@]2(C(=O)CO)O)C)C.C(C(C(F)(F)S(=O)(=O)F)(F)F)(C(F)(F)F)(F)F.C1CCC2=NCCCN2CC1,31
C1=C[C@]2(C(=CC1=O)CC[C@@H]1[C@@H]2C(=O)C[C@]2([C@H]1CC[C@@]2(C(=O)CO)O)C)C.c1cc(ccc1S(=O)(=O)F)Cl.CN1CCCN2CCCN=C12,43
C1=C[C@]2(C(=CC1=O)CC[C@@H]1[C@@H]2C(=O)C[C@]2([C@H]1CC[C@@]2(C(=O)CO)O)C)C.c1ccnc(c1)S(=O)(=O)F.CN1CCCN2CCCN=C12,53
C1=C[C@]2(C(=CC1=O)CC[C@@H]1[C@@H]2C(=O)C[C@]2([C@H]1CC[C@@]2(C(=O)CO)O)C)C.c1cc(ccc1C(F)(F)F)S(=O)(=O)F.CN1CCCN2CCCN=C12,42
C1=C[C@]2(C(=CC1=O)CC[C@@H]1[C@@H]2C(=O)C[C@]2([C@H]1CC[C@@]2(C(=O)CO)O)C)C.c1cc(ccc1[N+](=O)[O-])S(=O)(=O)F.CN1CCCN2CCCN=C12,12
C1=C[C@]2(C(=CC1=O)CC[C@@H]1[C@@H]2C(=O)C[C@]2([C@H]1CC[C@@]2(C(=O)CO)O)C)C.C(C(C(F)(F)S(=O)(=O)F)(F)F)(C(F)(F)F)(F)F.CN1CCCN2CCCN=C12,31
C1=C[C@]2(C(=CC1=O)CC[C@@H]1[C@@H]2C(=O)C[C@]2([C@H]1CC[C@@]2(C(=O)CO)O)C)C.c1cc(ccc1S(=O)(=O)F)Cl.CC(C)(C)N=C(N(C)C)N(C)C,41
C1=C[C@]2(C(=CC1=O)CC[C@@H]1[C@@H]2C(=O)C[C@]2([C@H]1CC[C@@]2(C(=O)CO)O)C)C.c1ccnc(c1)S(=O)(=O)F.CC(C)(C)N=C(N(C)C)N(C)C,51
C1=C[C@]2(C(=CC1=O)CC[C@@H]1[C@@H]2C(=O)C[C@]2([C@H]1CC[C@@]2(C(=O)CO)O)C)C.c1cc(ccc1C(F)(F)F)S(=O)(=O)F.CC(C)(C)N=C(N(C)C)N(C)C,53
C1=C[C@]2(C(=CC1=O)CC[C@@H]1[C@@H]2C(=O)C[C@]2([C@H]1CC[C@@]2(C(=O)CO)O)C)C.c1cc(ccc1[N+](=O)[O-])S(=O)(=O)F.CC(C)(C)N=C(N(C)C)N(C)C,14
C1=C[C@]2(C(=CC1=O)CC[C@@H]1[C@@H]2C(=O)C[C@]2([C@H]1CC[C@@]2(C(=O)CO)O)C)C.C(C(C(F)(F)S(=O)(=O)F)(F)F)(C(F)(F)F)(F)F.CC(C)(C)N=C(N(C)C)N(C)C,42
C1=C[C@]2(C(=CC1=O)CC[C@@H]1[C@@H]2C(=O)C[C@]2([C@H]1CC[C@@]2(C(=O)CO)O)C)C.c1cc(ccc1S(=O)(=O)F)Cl.CC(C)(C)N=P(N1CCCC1)(N2CCCC2)N3CCCC3,35
C1=C[C@]2(C(=CC1=O)CC[C@@H]1[C@@H]2C(=O)C[C@]2([C@H]1CC[C@@]2(C(=O)CO)O)C)C.c1ccnc(c1)S(=O)(=O)F.CC(C)(C)N=P(N1CCCC1)(N2CCCC2)N3CCCC3,44
C1=C[C@]2(C(=CC1=O)CC[C@@H]1[C@@H]2C(=O)C[C@]2([C@H]1CC[C@@]2(C(=O)CO)O)C)C.c1cc(ccc1C(F)(F)F)S(=O)(=O)F.CC(C)(C)N=P(N1CCCC1)(N2CCCC2)N3CCCC3,54
C1=C[C@]2(C(=CC1=O)CC[C@@H]1[C@@H]2C(=O)C[C@]2([C@H]1CC[C@@]2(C(=O)CO)O)C)C.c1cc(ccc1[N+](=O)[O-])S(=O)(=O)F.CC(C)(C)N=P(N1CCCC1)(N2CCCC2)N3CCCC3,11
C1=C[C@]2(C(=CC1=O)CC[C@@H]1[C@@H]2C(=O)C[C@]2([C@H]1CC[C@@]2(C(=O)CO)O)C)C.C(C(C(F)(F)S(=O)(=O)F)(F)F)(C(F)(F)F)(F)F.CC(C)(C)N=P(N1CCCC1)(N2CCCC2)N3CCCC3,43
N([C@@H](CO)C(=O)OC)C(c1ccccc1)(c1ccccc1)c1ccccc1.c1cc(ccc1S(=O)(=O)F)Cl.C1CCC2=NCCCN2CC1,2
N([C@@H](CO)C(=O)OC)C(c1ccccc1)(c1ccccc1)c1ccccc1.c1ccnc(c1)S(=O)(=O)F.C1CCC2=NCCCN2CC1,3
N([C@@H](CO)C(=O)OC)C(c1ccccc1)(c1ccccc1)c1ccccc1.c1cc(ccc1C(F)(F)F)S(=O)(=O)F.C1CCC2=NCCCN2CC1,3
N([C@@H](CO)C(=O)OC)C(c1ccccc1)(c1ccccc1)c1ccccc1.c1cc(ccc1[N+](=O)[O-])S(=O)(=O)F.C1CCC2=NCCCN2CC1,3
N([C@@H](CO)C(=O)OC)C(c1ccccc1)(c1ccccc1)c1ccccc1.C(C(C(F)(F)S(=O)(=O)F)(F)F)(C(F)(F)F)(F)F.C1CCC2=NCCCN2CC1,3
N([C@@H](CO)C(=O)OC)C(c1ccccc1)(c1ccccc1)c1ccccc1.c1cc(ccc1S(=O)(=O)F)Cl.CN1CCCN2CCCN=C12,5
N([C@@H](CO)C(=O)OC)C(c1ccccc1)(c1ccccc1)c1ccccc1.c1ccnc(c1)S(=O)(=O)F.CN1CCCN2CCCN=C12,8
N([C@@H](CO)C(=O)OC)C(c1ccccc1)(c1ccccc1)c1ccccc1.c1cc(ccc1C(F)(F)F)S(=O)(=O)F.CN1CCCN2CCCN=C12,8
N([C@@H](CO)C(=O)OC)C(c1ccccc1)(c1ccccc1)c1ccccc1.c1cc(ccc1[N+](=O)[O-])S(=O)(=O)F.CN1CCCN2CCCN=C12,9
N([C@@H](CO)C(=O)OC)C(c1ccccc1)(c1ccccc1)c1ccccc1.C(C(C(F)(F)S(=O)(=O)F)(F)F)(C(F)(F)F)(F)F.CN1CCCN2CCCN=C12,9
N([C@@H](CO)C(=O)OC)C(c1ccccc1)(c1ccccc1)c1ccccc1.c1cc(ccc1S(=O)(=O)F)Cl.CC(C)(C)N=C(N(C)C)N(C)C,5
N([C@@H](CO)C(=O)OC)C(c1ccccc1)(c1ccccc1)c1ccccc1.c1ccnc(c1)S(=O)(=O)F.CC(C)(C)N=C(N(C)C)N(C)C,5
N([C@@H](CO)C(=O)OC)C(c1ccccc1)(c1ccccc1)c1ccccc1.c1cc(ccc1C(F)(F)F)S(=O)(=O)F.CC(C)(C)N=C(N(C)C)N(C)C,7
N([C@@H](CO)C(=O)OC)C(c1ccccc1)(c1ccccc1)c1ccccc1.c1cc(ccc1[N+](=O)[O-])S(=O)(=O)F.CC(C)(C)N=C(N(C)C)N(C)C,10
N([C@@H](CO)C(=O)OC)C(c1ccccc1)(c1ccccc1)c1ccccc1.C(C(C(F)(F)S(=O)(=O)F)(F)F)(C(F)(F)F)(F)F.CC(C)(C)N=C(N(C)C)N(C)C,9
N([C@@H](CO)C(=O)OC)C(c1ccccc1)(c1ccccc1)c1ccccc1.c1cc(ccc1S(=O)(=O)F)Cl.CC(C)(C)N=P(N1CCCC1)(N2CCCC2)N3CCCC3,7
N([C@@H](CO)C(=O)OC)C(c1ccccc1)(c1ccccc1)c1ccccc1.c1ccnc(c1)S(=O)(=O)F.CC(C)(C)N=P(N1CCCC1)(N2CCCC2)N3CCCC3,5
N([C@@H](CO)C(=O)OC)C(c1ccccc1)(c1ccccc1)c1ccccc1.c1cc(ccc1C(F)(F)F)S(=O)(=O)F.CC(C)(C)N=P(N1CCCC1)(N2CCCC2)N3CCCC3,9
N([C@@H](CO)C(=O)OC)C(c1ccccc1)(c1ccccc1)c1ccccc1.c1cc(ccc1[N+](=O)[O-])S(=O)(=O)F.CC(C)(C)N=P(N1CCCC1)(N2CCCC2)N3CCCC3,11
N([C@@H](CO)C(=O)OC)C(c1ccccc1)(c1ccccc1)c1ccccc1.C(C(C(F)(F)S(=O)(=O)F)(F)F)(C(F)(F)F)(F)F.CC(C)(C)N=P(N1CCCC1)(N2CCCC2)N3CCCC3,28
C1[C@H]([C@H]2[C@@]34C(C1)[C@H]([C@H](O[C@@H]3O[C@@](CC2)(OO4)C)O)C)C.c1cc(ccc1S(=O)(=O)F)Cl.C1CCC2=NCCCN2CC1,10
C1[C@H]([C@H]2[C@@]34C(C1)[C@H]([C@H](O[C@@H]3O[C@@](CC2)(OO4)C)O)C)C.c1ccnc(c1)S(=O)(=O)F.C1CCC2=NCCCN2CC1,38
C1[C@H]([C@H]2[C@@]34C(C1)[C@H]([C@H](O[C@@H]3O[C@@](CC2)(OO4)C)O)C)C.c1cc(ccc1C(F)(F)F)S(=O)(=O)F.C1CCC2=NCCCN2CC1,32
C1[C@H]([C@H]2[C@@]34C(C1)[C@H]([C@H](O[C@@H]3O[C@@](CC2)(OO4)C)O)C)C.c1cc(ccc1[N+](=O)[O-])S(=O)(=O)F.C1CCC2=NCCCN2CC1,41
C1[C@H]([C@H]2[C@@]34C(C1)[C@H]([C@H](O[C@@H]3O[C@@](CC2)(OO4)C)O)C)C.C(C(C(F)(F)S(=O)(=O)F)(F)F)(C(F)(F)F)(F)F.C1CCC2=NCCCN2CC1,33
C1[C@H]([C@H]2[C@@]34C(C1)[C@H]([C@H](O[C@@H]3O[C@@](CC2)(OO4)C)O)C)C.c1cc(ccc1S(=O)(=O)F)Cl.CN1CCCN2CCCN=C12,23
C1[C@H]([C@H]2[C@@]34C(C1)[C@H]([C@H](O[C@@H]3O[C@@](CC2)(OO4)C)O)C)C.c1ccnc(c1)S(=O)(=O)F.CN1CCCN2CCCN=C12,43
C1[C@H]([C@H]2[C@@]34C(C1)[C@H]([C@H](O[C@@H]3O[C@@](CC2)(OO4)C)O)C)C.c1cc(ccc1C(F)(F)F)S(=O)(=O)F.CN1CCCN2CCCN=C12,43
C1[C@H]([C@H]2[C@@]34C(C1)[C@H]([C@H](O[C@@H]3O[C@@](CC2)(OO4)C)O)C)C.c1cc(ccc1[N+](=O)[O-])S(=O)(=O)F.CN1CCCN2CCCN=C12,50
C1[C@H]([C@H]2[C@@]34C(C1)[C@H]([C@H](O[C@@H]3O[C@@](CC2)(OO4)C)O)C)C.C(C(C(F)(F)S(=O)(=O)F)(F)F)(C(F)(F)F)(F)F.CN1CCCN2CCCN=C12,32
C1[C@H]([C@H]2[C@@]34C(C1)[C@H]([C@H](O[C@@H]3O[C@@](CC2)(OO4)C)O)C)C.c1cc(ccc1S(=O)(=O)F)Cl.CC(C)(C)N=C(N(C)C)N(C)C,15
C1[C@H]([C@H]2[C@@]34C(C1)[C@H]([C@H](O[C@@H]3O[C@@](CC2)(OO4)C)O)C)C.c1ccnc(c1)S(=O)(=O)F.CC(C)(C)N=C(N(C)C)N(C)C,39
C1[C@H]([C@H]2[C@@]34C(C1)[C@H]([C@H](O[C@@H]3O[C@@](CC2)(OO4)C)O)C)C.c1cc(ccc1C(F)(F)F)S(=O)(=O)F.CC(C)(C)N=C(N(C)C)N(C)C,41
C1[C@H]([C@H]2[C@@]34C(C1)[C@H]([C@H](O[C@@H]3O[C@@](CC2)(OO4)C)O)C)C.c1cc(ccc1[N+](=O)[O-])S(=O)(=O)F.CC(C)(C)N=C(N(C)C)N(C)C,52
C1[C@H]([C@H]2[C@@]34C(C1)[C@H]([C@H](O[C@@H]3O[C@@](CC2)(OO4)C)O)C)C.C(C(C(F)(F)S(=O)(=O)F)(F)F)(C(F)(F)F)(F)F.CC(C)(C)N=C(N(C)C)N(C)C,38
C1[C@H]([C@H]2[C@@]34C(C1)[C@H]([C@H](O[C@@H]3O[C@@](CC2)(OO4)C)O)C)C.c1cc(ccc1S(=O)(=O)F)Cl.CC(C)(C)N=P(N1CCCC1)(N2CCCC2)N3CCCC3,14
C1[C@H]([C@H]2[C@@]34C(C1)[C@H]([C@H](O[C@@H]3O[C@@](CC2)(OO4)C)O)C)C.c1ccnc(c1)S(=O)(=O)F.CC(C)(C)N=P(N1CCCC1)(N2CCCC2)N3CCCC3,23
C1[C@H]([C@H]2[C@@]34C(C1)[C@H]([C@H](O[C@@H]3O[C@@](CC2)(OO4)C)O)C)C.c1cc(ccc1C(F)(F)F)S(=O)(=O)F.CC(C)(C)N=P(N1CCCC1)(N2CCCC2)N3CCCC3,36
C1[C@H]([C@H]2[C@@]34C(C1)[C@H]([C@H](O[C@@H]3O[C@@](CC2)(OO4)C)O)C)C.c1cc(ccc1[N+](=O)[O-])S(=O)(=O)F.CC(C)(C)N=P(N1CCCC1)(N2CCCC2)N3CCCC3,44
C1[C@H]([C@H]2[C@@]34C(C1)[C@H]([C@H](O[C@@H]3O[C@@](CC2)(OO4)C)O)C)C.C(C(C(F)(F)S(=O)(=O)F)(F)F)(C(F)(F)F)(F)F.CC(C)(C)N=P(N1CCCC1)(N2CCCC2)N3CCCC3,45
n12c(ncc(c1)CCCO)ncn2.c1cc(ccc1S(=O)(=O)F)Cl.C1CCC2=NCCCN2CC1,60
n12c(ncc(c1)CCCO)ncn2.c1ccnc(c1)S(=O)(=O)F.C1CCC2=NCCCN2CC1,61
n12c(ncc(c1)CCCO)ncn2.c1cc(ccc1C(F)(F)F)S(=O)(=O)F.C1CCC2=NCCCN2CC1,57
n12c(ncc(c1)CCCO)ncn2.c1cc(ccc1[N+](=O)[O-])S(=O)(=O)F.C1CCC2=NCCCN2CC1,57
n12c(ncc(c1)CCCO)ncn2.C(C(C(F)(F)S(=O)(=O)F)(F)F)(C(F)(F)F)(F)F.C1CCC2=NCCCN2CC1,50
n12c(ncc(c1)CCCO)ncn2.c1cc(ccc1S(=O)(=O)F)Cl.CN1CCCN2CCCN=C12,86
n12c(ncc(c1)CCCO)ncn2.c1ccnc(c1)S(=O)(=O)F.CN1CCCN2CCCN=C12,80
n12c(ncc(c1)CCCO)ncn2.c1cc(ccc1C(F)(F)F)S(=O)(=O)F.CN1CCCN2CCCN=C12,79
n12c(ncc(c1)CCCO)ncn2.c1cc(ccc1[N+](=O)[O-])S(=O)(=O)F.CN1CCCN2CCCN=C12,85
n12c(ncc(c1)CCCO)ncn2.C(C(C(F)(F)S(=O)(=O)F)(F)F)(C(F)(F)F)(F)F.CN1CCCN2CCCN=C12,73
n12c(ncc(c1)CCCO)ncn2.c1cc(ccc1S(=O)(=O)F)Cl.CC(C)(C)N=C(N(C)C)N(C)C,87
n12c(ncc(c1)CCCO)ncn2.c1ccnc(c1)S(=O)(=O)F.CC(C)(C)N=C(N(C)C)N(C)C,82
n12c(ncc(c1)CCCO)ncn2.c1cc(ccc1C(F)(F)F)S(=O)(=O)F.CC(C)(C)N=C(N(C)C)N(C)C,85
n12c(ncc(c1)CCCO)ncn2.c1cc(ccc1[N+](=O)[O-])S(=O)(=O)F.CC(C)(C)N=C(N(C)C)N(C)C,79
n12c(ncc(c1)CCCO)ncn2.C(C(C(F)(F)S(=O)(=O)F)(F)F)(C(F)(F)F)(F)F.CC(C)(C)N=C(N(C)C)N(C)C,74
n12c(ncc(c1)CCCO)ncn2.c1cc(ccc1S(=O)(=O)F)Cl.CC(C)(C)N=P(N1CCCC1)(N2CCCC2)N3CCCC3,80
n12c(ncc(c1)CCCO)ncn2.c1ccnc(c1)S(=O)(=O)F.CC(C)(C)N=P(N1CCCC1)(N2CCCC2)N3CCCC3,80
n12c(ncc(c1)CCCO)ncn2.c1cc(ccc1C(F)(F)F)S(=O)(=O)F.CC(C)(C)N=P(N1CCCC1)(N2CCCC2)N3CCCC3,75
n12c(ncc(c1)CCCO)ncn2.c1cc(ccc1[N+](=O)[O-])S(=O)(=O)F.CC(C)(C)N=P(N1CCCC1)(N2CCCC2)N3CCCC3,76
n12c(ncc(c1)CCCO)ncn2.C(C(C(F)(F)S(=O)(=O)F)(F)F)(C(F)(F)F)(F)F.CC(C)(C)N=P(N1CCCC1)(N2CCCC2)N3CCCC3,80
c1ccc2c(c1)CC(C2)O.c1cc(ccc1S(=O)(=O)F)Cl.C1CCC2=NCCCN2CC1,32
c1ccc2c(c1)CC(C2)O.c1ccnc(c1)S(=O)(=O)F.C1CCC2=NCCCN2CC1,46
c1ccc2c(c1)CC(C2)O.c1cc(ccc1C(F)(F)F)S(=O)(=O)F.C1CCC2=NCCCN2CC1,38
c1ccc2c(c1)CC(C2)O.c1cc(ccc1[N+](=O)[O-])S(=O)(=O)F.C1CCC2=NCCCN2CC1,44
c1ccc2c(c1)CC(C2)O.C(C(C(F)(F)S(=O)(=O)F)(F)F)(C(F)(F)F)(F)F.C1CCC2=NCCCN2CC1,60
c1ccc2c(c1)CC(C2)O.c1cc(ccc1S(=O)(=O)F)Cl.CN1CCCN2CCCN=C12,32
c1ccc2c(c1)CC(C2)O.c1ccnc(c1)S(=O)(=O)F.CN1CCCN2CCCN=C12,43
c1ccc2c(c1)CC(C2)O.c1cc(ccc1C(F)(F)F)S(=O)(=O)F.CN1CCCN2CCCN=C12,37
c1ccc2c(c1)CC(C2)O.c1cc(ccc1[N+](=O)[O-])S(=O)(=O)F.CN1CCCN2CCCN=C12,38
c1ccc2c(c1)CC(C2)O.C(C(C(F)(F)S(=O)(=O)F)(F)F)(C(F)(F)F)(F)F.CN1CCCN2CCCN=C12,62
c1ccc2c(c1)CC(C2)O.c1cc(ccc1S(=O)(=O)F)Cl.CC(C)(C)N=C(N(C)C)N(C)C,20
c1ccc2c(c1)CC(C2)O.c1ccnc(c1)S(=O)(=O)F.CC(C)(C)N=C(N(C)C)N(C)C,33
c1ccc2c(c1)CC(C2)O.c1cc(ccc1C(F)(F)F)S(=O)(=O)F.CC(C)(C)N=C(N(C)C)N(C)C,27
c1ccc2c(c1)CC(C2)O.c1cc(ccc1[N+](=O)[O-])S(=O)(=O)F.CC(C)(C)N=C(N(C)C)N(C)C,30
c1ccc2c(c1)CC(C2)O.C(C(C(F)(F)S(=O)(=O)F)(F)F)(C(F)(F)F)(F)F.CC(C)(C)N=C(N(C)C)N(C)C,64
c1ccc2c(c1)CC(C2)O.c1cc(ccc1S(=O)(=O)F)Cl.CC(C)(C)N=P(N1CCCC1)(N2CCCC2)N3CCCC3,16
c1ccc2c(c1)CC(C2)O.c1ccnc(c1)S(=O)(=O)F.CC(C)(C)N=P(N1CCCC1)(N2CCCC2)N3CCCC3,20
c1ccc2c(c1)CC(C2)O.c1cc(ccc1C(F)(F)F)S(=O)(=O)F.CC(C)(C)N=P(N1CCCC1)(N2CCCC2)N3CCCC3,19
c1ccc2c(c1)CC(C2)O.c1cc(ccc1[N+](=O)[O-])S(=O)(=O)F.CC(C)(C)N=P(N1CCCC1)(N2CCCC2)N3CCCC3,14
c1ccc2c(c1)CC(C2)O.C(C(C(F)(F)S(=O)(=O)F)(F)F)(C(F)(F)F)(F)F.CC(C)(C)N=P(N1CCCC1)(N2CCCC2)N3CCCC3,64
c1cc(ccc1c1onc(c1)CO)F.c1cc(ccc1S(=O)(=O)F)Cl.C1CCC2=NCCCN2CC1,16
c1cc(ccc1c1onc(c1)CO)F.c1ccnc(c1)S(=O)(=O)F.C1CCC2=NCCCN2CC1,18
c1cc(ccc1c1onc(c1)CO)F.c1cc(ccc1C(F)(F)F)S(=O)(=O)F.C1CCC2=NCCCN2CC1,16
c1cc(ccc1c1onc(c1)CO)F.c1cc(ccc1[N+](=O)[O-])S(=O)(=O)F.C1CCC2=NCCCN2CC1,20
c1cc(ccc1c1onc(c1)CO)F.C(C(C(F)(F)S(=O)(=O)F)(F)F)(C(F)(F)F)(F)F.C1CCC2=NCCCN2CC1,31
c1cc(ccc1c1onc(c1)CO)F.c1cc(ccc1S(=O)(=O)F)Cl.CN1CCCN2CCCN=C12,56
c1cc(ccc1c1onc(c1)CO)F.c1ccnc(c1)S(=O)(=O)F.CN1CCCN2CCCN=C12,57
c1cc(ccc1c1onc(c1)CO)F.c1cc(ccc1C(F)(F)F)S(=O)(=O)F.CN1CCCN2CCCN=C12,53
c1cc(ccc1c1onc(c1)CO)F.c1cc(ccc1[N+](=O)[O-])S(=O)(=O)F.CN1CCCN2CCCN=C12,55
c1cc(ccc1c1onc(c1)CO)F.C(C(C(F)(F)S(=O)(=O)F)(F)F)(C(F)(F)F)(F)F.CN1CCCN2CCCN=C12,58
c1cc(ccc1c1onc(c1)CO)F.c1cc(ccc1S(=O)(=O)F)Cl.CC(C)(C)N=C(N(C)C)N(C)C,86
c1cc(ccc1c1onc(c1)CO)F.c1ccnc(c1)S(=O)(=O)F.CC(C)(C)N=C(N(C)C)N(C)C,80
c1cc(ccc1c1onc(c1)CO)F.c1cc(ccc1C(F)(F)F)S(=O)(=O)F.CC(C)(C)N=C(N(C)C)N(C)C,86
c1cc(ccc1c1onc(c1)CO)F.c1cc(ccc1[N+](=O)[O-])S(=O)(=O)F.CC(C)(C)N=C(N(C)C)N(C)C,88
c1cc(ccc1c1onc(c1)CO)F.C(C(C(F)(F)S(=O)(=O)F)(F)F)(C(F)(F)F)(F)F.CC(C)(C)N=C(N(C)C)N(C)C,81
c1cc(ccc1c1onc(c1)CO)F.c1cc(ccc1S(=O)(=O)F)Cl.CC(C)(C)N=P(N1CCCC1)(N2CCCC2)N3CCCC3,94
c1cc(ccc1c1onc(c1)CO)F.c1ccnc(c1)S(=O)(=O)F.CC(C)(C)N=P(N1CCCC1)(N2CCCC2)N3CCCC3,91
c1cc(ccc1c1onc(c1)CO)F.c1cc(ccc1C(F)(F)F)S(=O)(=O)F.CC(C)(C)N=P(N1CCCC1)(N2CCCC2)N3CCCC3,93
c1cc(ccc1c1onc(c1)CO)F.c1cc(ccc1[N+](=O)[O-])S(=O)(=O)F.CC(C)(C)N=P(N1CCCC1)(N2CCCC2)N3CCCC3,95
c1cc(ccc1c1onc(c1)CO)F.C(C(C(F)(F)S(=O)(=O)F)(F)F)(C(F)(F)F)(F)F.CC(C)(C)N=P(N1CCCC1)(N2CCCC2)N3CCCC3,97
C(C(C)O)Oc1ccccc1.c1cc(ccc1S(=O)(=O)F)Cl.C1CCC2=NCCCN2CC1,31
C(C(C)O)Oc1ccccc1.c1ccnc(c1)S(=O)(=O)F.C1CCC2=NCCCN2CC1,34
C(C(C)O)Oc1ccccc1.c1cc(ccc1C(F)(F)F)S(=O)(=O)F.C1CCC2=NCCCN2CC1,52
C(C(C)O)Oc1ccccc1.c1cc(ccc1[N+](=O)[O-])S(=O)(=O)F.C1CCC2=NCCCN2CC1,69
C(C(C)O)Oc1ccccc1.C(C(C(F)(F)S(=O)(=O)F)(F)F)(C(F)(F)F)(F)F.C1CCC2=NCCCN2CC1,82
C(C(C)O)Oc1ccccc1.c1cc(ccc1S(=O)(=O)F)Cl.CN1CCCN2CCCN=C12,35
C(C(C)O)Oc1ccccc1.c1ccnc(c1)S(=O)(=O)F.CN1CCCN2CCCN=C12,44
C(C(C)O)Oc1ccccc1.c1cc(ccc1C(F)(F)F)S(=O)(=O)F.CN1CCCN2CCCN=C12,60
C(C(C)O)Oc1ccccc1.c1cc(ccc1[N+](=O)[O-])S(=O)(=O)F.CN1CCCN2CCCN=C12,76
C(C(C)O)Oc1ccccc1.C(C(C(F)(F)S(=O)(=O)F)(F)F)(C(F)(F)F)(F)F.CN1CCCN2CCCN=C12,90
C(C(C)O)Oc1ccccc1.c1cc(ccc1S(=O)(=O)F)Cl.CC(C)(C)N=C(N(C)C)N(C)C,26
C(C(C)O)Oc1ccccc1.c1ccnc(c1)S(=O)(=O)F.CC(C)(C)N=C(N(C)C)N(C)C,23
C(C(C)O)Oc1ccccc1.c1cc(ccc1C(F)(F)F)S(=O)(=O)F.CC(C)(C)N=C(N(C)C)N(C)C,46
C(C(C)O)Oc1ccccc1.c1cc(ccc1[N+](=O)[O-])S(=O)(=O)F.CC(C)(C)N=C(N(C)C)N(C)C,59
C(C(C)O)Oc1ccccc1.C(C(C(F)(F)S(=O)(=O)F)(F)F)(C(F)(F)F)(F)F.CC(C)(C)N=C(N(C)C)N(C)C,85
C(C(C)O)Oc1ccccc1.c1cc(ccc1S(=O)(=O)F)Cl.CC(C)(C)N=P(N1CCCC1)(N2CCCC2)N3CCCC3,41
C(C(C)O)Oc1ccccc1.c1ccnc(c1)S(=O)(=O)F.CC(C)(C)N=P(N1CCCC1)(N2CCCC2)N3CCCC3,32
C(C(C)O)Oc1ccccc1.c1cc(ccc1C(F)(F)F)S(=O)(=O)F.CC(C)(C)N=P(N1CCCC1)(N2CCCC2)N3CCCC3,57
C(C(C)O)Oc1ccccc1.c1cc(ccc1[N+](=O)[O-])S(=O)(=O)F.CC(C)(C)N=P(N1CCCC1)(N2CCCC2)N3CCCC3,59
C(C(C)O)Oc1ccccc1.C(C(C(F)(F)S(=O)(=O)F)(F)F)(C(F)(F)F)(F)F.CC(C)(C)N=P(N1CCCC1)(N2CCCC2)N3CCCC3,86
c12c(c3c(/C/1=C\c1ccc(cc1)Cl)cc(cc3C(O)CN(CCCC)CCCC)Cl)ccc(c2)Cl.c1cc(ccc1S(=O)(=O)F)Cl.C1CCC2=NCCCN2CC1,39
c12c(c3c(/C/1=C\c1ccc(cc1)Cl)cc(cc3C(O)CN(CCCC)CCCC)Cl)ccc(c2)Cl.c1ccnc(c1)S(=O)(=O)F.C1CCC2=NCCCN2CC1,56
c12c(c3c(/C/1=C\c1ccc(cc1)Cl)cc(cc3C(O)CN(CCCC)CCCC)Cl)ccc(c2)Cl.c1cc(ccc1C(F)(F)F)S(=O)(=O)F.C1CCC2=NCCCN2CC1,45
c12c(c3c(/C/1=C\c1ccc(cc1)Cl)cc(cc3C(O)CN(CCCC)CCCC)Cl)ccc(c2)Cl.c1cc(ccc1[N+](=O)[O-])S(=O)(=O)F.C1CCC2=NCCCN2CC1,49
c12c(c3c(/C/1=C\c1ccc(cc1)Cl)cc(cc3C(O)CN(CCCC)CCCC)Cl)ccc(c2)Cl.C(C(C(F)(F)S(=O)(=O)F)(F)F)(C(F)(F)F)(F)F.C1CCC2=NCCCN2CC1,57
c12c(c3c(/C/1=C\c1ccc(cc1)Cl)cc(cc3C(O)CN(CCCC)CCCC)Cl)ccc(c2)Cl.c1cc(ccc1S(=O)(=O)F)Cl.CN1CCCN2CCCN=C12,81
c12c(c3c(/C/1=C\c1ccc(cc1)Cl)cc(cc3C(O)CN(CCCC)CCCC)Cl)ccc(c2)Cl.c1ccnc(c1)S(=O)(=O)F.CN1CCCN2CCCN=C12,73
c12c(c3c(/C/1=C\c1ccc(cc1)Cl)cc(cc3C(O)CN(CCCC)CCCC)Cl)ccc(c2)Cl.c1cc(ccc1C(F)(F)F)S(=O)(=O)F.CN1CCCN2CCCN=C12,81
c12c(c3c(/C/1=C\c1ccc(cc1)Cl)cc(cc3C(O)CN(CCCC)CCCC)Cl)ccc(c2)Cl.c1cc(ccc1[N+](=O)[O-])S(=O)(=O)F.CN1CCCN2CCCN=C12,82
c12c(c3c(/C/1=C\c1ccc(cc1)Cl)cc(cc3C(O)CN(CCCC)CCCC)Cl)ccc(c2)Cl.C(C(C(F)(F)S(=O)(=O)F)(F)F)(C(F)(F)F)(F)F.CN1CCCN2CCCN=C12,84
c12c(c3c(/C/1=C\c1ccc(cc1)Cl)cc(cc3C(O)CN(CCCC)CCCC)Cl)ccc(c2)Cl.c1cc(ccc1S(=O)(=O)F)Cl.CC(C)(C)N=C(N(C)C)N(C)C,64
c12c(c3c(/C/1=C\c1ccc(cc1)Cl)cc(cc3C(O)CN(CCCC)CCCC)Cl)ccc(c2)Cl.c1ccnc(c1)S(=O)(=O)F.CC(C)(C)N=C(N(C)C)N(C)C,59
c12c(c3c(/C/1=C\c1ccc(cc1)Cl)cc(cc3C(O)CN(CCCC)CCCC)Cl)ccc(c2)Cl.c1cc(ccc1C(F)(F)F)S(=O)(=O)F.CC(C)(C)N=C(N(C)C)N(C)C,78
c12c(c3c(/C/1=C\c1ccc(cc1)Cl)cc(cc3C(O)CN(CCCC)CCCC)Cl)ccc(c2)Cl.c1cc(ccc1[N+](=O)[O-])S(=O)(=O)F.CC(C)(C)N=C(N(C)C)N(C)C,86
c12c(c3c(/C/1=C\c1ccc(cc1)Cl)cc(cc3C(O)CN(CCCC)CCCC)Cl)ccc(c2)Cl.C(C(C(F)(F)S(=O)(=O)F)(F)F)(C(F)(F)F)(F)F.CC(C)(C)N=C(N(C)C)N(C)C,84
c12c(c3c(/C/1=C\c1ccc(cc1)Cl)cc(cc3C(O)CN(CCCC)CCCC)Cl)ccc(c2)Cl.c1cc(ccc1S(=O)(=O)F)Cl.CC(C)(C)N=P(N1CCCC1)(N2CCCC2)N3CCCC3,78
c12c(c3c(/C/1=C\c1ccc(cc1)Cl)cc(cc3C(O)CN(CCCC)CCCC)Cl)ccc(c2)Cl.c1ccnc(c1)S(=O)(=O)F.CC(C)(C)N=P(N1CCCC1)(N2CCCC2)N3CCCC3,66
c12c(c3c(/C/1=C\c1ccc(cc1)Cl)cc(cc3C(O)CN(CCCC)CCCC)Cl)ccc(c2)Cl.c1cc(ccc1C(F)(F)F)S(=O)(=O)F.CC(C)(C)N=P(N1CCCC1)(N2CCCC2)N3CCCC3,78
c12c(c3c(/C/1=C\c1ccc(cc1)Cl)cc(cc3C(O)CN(CCCC)CCCC)Cl)ccc(c2)Cl.c1cc(ccc1[N+](=O)[O-])S(=O)(=O)F.CC(C)(C)N=P(N1CCCC1)(N2CCCC2)N3CCCC3,76
c12c(c3c(/C/1=C\c1ccc(cc1)Cl)cc(cc3C(O)CN(CCCC)CCCC)Cl)ccc(c2)Cl.C(C(C(F)(F)S(=O)(=O)F)(F)F)(C(F)(F)F)(F)F.CC(C)(C)N=P(N1CCCC1)(N2CCCC2)N3CCCC3,82
