,smiles,predicted_value,all_smiles,SC_Score
0,C#CC(=S)OCCCO.C(C(C(F)(F)S(=O)(=O)F)(F)F)(C(F)(F)F)(F)F.CC(C)(C)N=P(N1CCCC1)(N2CCCC2)N3CCCC3,77.72135162353516,C#CC(=S)OCCCO,1.8440265314848343
1,C#Cc1ccc(OC#CC#CCO)cc1.C(C(C(F)(F)S(=O)(=O)F)(F)F)(C(F)(F)F)(F)F.CC(C)(C)N=P(N1CCCC1)(N2CCCC2)N3CCCC3,73.7378158569336,C#Cc1ccc(OC#CC#CCO)cc1,2.4242595530358706
2,C#Cc1ccccc1OCCCO.C(C(C(F)(F)S(=O)(=O)F)(F)F)(C(F)(F)F)(F)F.CC(C)(C)N=P(N1CCCC1)(N2CCCC2)N3CCCC3,83.42147064208984,C#Cc1ccccc1OCCCO,2.15630088604749
3,CC(=CCOc1cccc2ccccc12)CCO.C(C(C(F)(F)S(=O)(=O)F)(F)F)(C(F)(F)F)(F)F.CC(C)(C)N=P(N1CCCC1)(N2CCCC2)N3CCCC3,79.80911254882812,CC(=CCOc1cccc2ccccc12)CCO,2.353554002347235
4,CC(=CCc1ccccc1O)CCO.C(C(C(F)(F)S(=O)(=O)F)(F)F)(C(F)(F)F)(F)F.CC(C)(C)N=P(N1CCCC1)(N2CCCC2)N3CCCC3,40.27020263671875,CC(=CCc1ccccc1O)CCO,2.3948217654474493
5,CC(=O)Oc1ccc(OCC#CCO)cc1.C(C(C(F)(F)S(=O)(=O)F)(F)F)(C(F)(F)F)(F)F.CC(C)(C)N=P(N1CCCC1)(N2CCCC2)N3CCCC3,75.1495361328125,CC(=O)Oc1ccc(OCC#CCO)cc1,1.7904840184619029
6,CC(C)(O)C(O)Oc1ccccc1OCCO.C(C(C(F)(F)S(=O)(=O)F)(F)F)(C(F)(F)F)(F)F.CC(C)(C)N=P(N1CCCC1)(N2CCCC2)N3CCCC3,75.25923919677734,CC(C)(O)C(O)Oc1ccccc1OCCO,2.2269550198166153
7,CC(C)COc1ccccc1OCCO.C(C(C(F)(F)S(=O)(=O)F)(F)F)(C(F)(F)F)(F)F.CC(C)(C)N=P(N1CCCC1)(N2CCCC2)N3CCCC3,88.3012924194336,CC(C)COc1ccccc1OCCO,2.029839056082899
8,CC(C)N(C(=O)CBr)C(=S)OCCO.C(C(C(F)(F)S(=O)(=O)F)(F)F)(C(F)(F)F)(F)F.CC(C)(C)N=P(N1CCCC1)(N2CCCC2)N3CCCC3,68.84481048583984,CC(C)N(C(=O)CBr)C(=S)OCCO,2.432381309088054
9,CC(C)Oc1ccccc1OCCOCCO.C(C(C(F)(F)S(=O)(=O)F)(F)F)(C(F)(F)F)(F)F.CC(C)(C)N=P(N1CCCC1)(N2CCCC2)N3CCCC3,88.62218475341797,CC(C)Oc1ccccc1OCCOCCO,2.095412575847888
10,CC(CO)SCCOCCO.C(C(C(F)(F)S(=O)(=O)F)(F)F)(C(F)(F)F)(F)F.CC(C)(C)N=P(N1CCCC1)(N2CCCC2)N3CCCC3,75.39925384521484,CC(CO)SCCOCCO,2.080397517810068
11,CC(N)C(=O)Oc1ccccc1OCCO.C(C(C(F)(F)S(=O)(=O)F)(F)F)(C(F)(F)F)(F)F.CC(C)(C)N=P(N1CCCC1)(N2CCCC2)N3CCCC3,83.62023162841797,CC(N)C(=O)Oc1ccccc1OCCO,2.6629336231711718
12,CC(O)Oc1ccccc1OCCO.C(C(C(F)(F)S(=O)(=O)F)(F)F)(C(F)(F)F)(F)F.CC(C)(C)N=P(N1CCCC1)(N2CCCC2)N3CCCC3,86.57456970214844,CC(O)Oc1ccccc1OCCO,2.274637275143477
13,CC(O)Oc1ccccc1OCCOCCO.C(C(C(F)(F)S(=O)(=O)F)(F)F)(C(F)(F)F)(F)F.CC(C)(C)N=P(N1CCCC1)(N2CCCC2)N3CCCC3,87.57329559326172,CC(O)Oc1ccccc1OCCOCCO,2.317131149493145
14,CC(OCc1ccccc1I)Oc1ccccc1OCCCO.C(C(C(F)(F)S(=O)(=O)F)(F)F)(C(F)(F)F)(F)F.CC(C)(C)N=P(N1CCCC1)(N2CCCC2)N3CCCC3,86.03375244140625,CC(OCc1ccccc1I)Oc1ccccc1OCCCO,2.2063929799270605
15,CC(Oc1ccccc1I)Oc1ccccc1OCCO.C(C(C(F)(F)S(=O)(=O)F)(F)F)(C(F)(F)F)(F)F.CC(C)(C)N=P(N1CCCC1)(N2CCCC2)N3CCCC3,86.24223327636719,CC(Oc1ccccc1I)Oc1ccccc1OCCO,2.3184467062227934
16,CC(Oc1ccccc1OCCO)c1ccccc1I.C(C(C(F)(F)S(=O)(=O)F)(F)F)(C(F)(F)F)(F)F.CC(C)(C)N=P(N1CCCC1)(N2CCCC2)N3CCCC3,84.53246307373047,CC(Oc1ccccc1OCCO)c1ccccc1I,2.416634821529591
17,CC(Oc1ccccc1OCCOCCO)C(=O)O.C(C(C(F)(F)S(=O)(=O)F)(F)F)(C(F)(F)F)(F)F.CC(C)(C)N=P(N1CCCC1)(N2CCCC2)N3CCCC3,80.47408294677734,CC(Oc1ccccc1OCCOCCO)C(=O)O,2.3724135396955015
18,CC1COCCN1c1ccnc2cccc(OCCO)c(=O)c12.C(C(C(F)(F)S(=O)(=O)F)(F)F)(C(F)(F)F)(F)F.CC(C)(C)N=P(N1CCCC1)(N2CCCC2)N3CCCC3,71.43680572509766,CC1COCCN1c1ccnc2cccc(OCCO)c(=O)c12,4.049922698037037
19,CCC(O)Oc1ccccc1OCCO.C(C(C(F)(F)S(=O)(=O)F)(F)F)(C(F)(F)F)(F)F.CC(C)(C)N=P(N1CCCC1)(N2CCCC2)N3CCCC3,84.82825469970703,CCC(O)Oc1ccccc1OCCO,2.2485481208165865
20,CCCCOc1ccccc1OCCO.C(C(C(F)(F)S(=O)(=O)F)(F)F)(C(F)(F)F)(F)F.CC(C)(C)N=P(N1CCCC1)(N2CCCC2)N3CCCC3,86.5630111694336,CCCCOc1ccccc1OCCO,1.8177915341228887
21,CCCOC(OC)Oc1ccccc1OCCO.C(C(C(F)(F)S(=O)(=O)F)(F)F)(C(F)(F)F)(F)F.CC(C)(C)N=P(N1CCCC1)(N2CCCC2)N3CCCC3,82.58667755126953,CCCOC(OC)Oc1ccccc1OCCO,2.4482665386317617
22,CCCOc1ccccc1OCCO.C(C(C(F)(F)S(=O)(=O)F)(F)F)(C(F)(F)F)(F)F.CC(C)(C)N=P(N1CCCC1)(N2CCCC2)N3CCCC3,86.97924041748047,CCCOc1ccccc1OCCO,1.8545201761007908
23,CCOC(=O)CSCCOCCO.C(C(C(F)(F)S(=O)(=O)F)(F)F)(C(F)(F)F)(F)F.CC(C)(C)N=P(N1CCCC1)(N2CCCC2)N3CCCC3,72.47338104248047,CCOC(=O)CSCCOCCO,1.8476970320522077
24,CCOc1ccccc1CCOCCO.C(C(C(F)(F)S(=O)(=O)F)(F)F)(C(F)(F)F)(F)F.CC(C)(C)N=P(N1CCCC1)(N2CCCC2)N3CCCC3,83.35499572753906,CCOc1ccccc1CCOCCO,2.2007700786928286
25,CN(C)C(=S)Oc1ccccc1CCO.C(C(C(F)(F)S(=O)(=O)F)(F)F)(C(F)(F)F)(F)F.CC(C)(C)N=P(N1CCCC1)(N2CCCC2)N3CCCC3,82.01288604736328,CN(C)C(=S)Oc1ccccc1CCO,1.9243997204743841
26,CN(O)C(=S)Oc1ccccc1CCO.C(C(C(F)(F)S(=O)(=O)F)(F)F)(C(F)(F)F)(F)F.CC(C)(C)N=P(N1CCCC1)(N2CCCC2)N3CCCC3,81.13819122314453,CN(O)C(=S)Oc1ccccc1CCO,2.3354170539075314
27,COC(=O)C(COc1ccccc1OCCOCCO)OC.C(C(C(F)(F)S(=O)(=O)F)(F)F)(C(F)(F)F)(F)F.CC(C)(C)N=P(N1CCCC1)(N2CCCC2)N3CCCC3,79.90342712402344,COC(=O)C(COc1ccccc1OCCOCCO)OC,2.2787735010250723
28,COC(=S)Oc1ccccc1CC#CCCO.C(C(C(F)(F)S(=O)(=O)F)(F)F)(C(F)(F)F)(F)F.CC(C)(C)N=P(N1CCCC1)(N2CCCC2)N3CCCC3,81.8706283569336,COC(=S)Oc1ccccc1CC#CCCO,2.116036638064447
29,COC(CCCl)Oc1ccccc1OCCO.C(C(C(F)(F)S(=O)(=O)F)(F)F)(C(F)(F)F)(F)F.CC(C)(C)N=P(N1CCCC1)(N2CCCC2)N3CCCC3,79.153564453125,COC(CCCl)Oc1ccccc1OCCO,2.320983833428434
30,COC(COc1ccccc1OCCO)OC.C(C(C(F)(F)S(=O)(=O)F)(F)F)(C(F)(F)F)(F)F.CC(C)(C)N=P(N1CCCC1)(N2CCCC2)N3CCCC3,86.52782440185547,COC(COc1ccccc1OCCO)OC,1.869980773627757
31,COC(OCCO)Oc1ccccc1OCCO.C(C(C(F)(F)S(=O)(=O)F)(F)F)(C(F)(F)F)(F)F.CC(C)(C)N=P(N1CCCC1)(N2CCCC2)N3CCCC3,84.88973236083984,COC(OCCO)Oc1ccccc1OCCO,2.295626062323781
32,COC(OCc1ccccc1)Oc1ccccc1OCCO.C(C(C(F)(F)S(=O)(=O)F)(F)F)(C(F)(F)F)(F)F.CC(C)(C)N=P(N1CCCC1)(N2CCCC2)N3CCCC3,81.13817596435547,COC(OCc1ccccc1)Oc1ccccc1OCCO,2.326526768679422
33,COC(Oc1ccccc1OCCO)c1cccs1.C(C(C(F)(F)S(=O)(=O)F)(F)F)(C(F)(F)F)(F)F.CC(C)(C)N=P(N1CCCC1)(N2CCCC2)N3CCCC3,81.03919219970703,COC(Oc1ccccc1OCCO)c1cccs1,2.3304162735265286
34,COC(Oc1ccccc1OCCO)c1sccc1Cl.C(C(C(F)(F)S(=O)(=O)F)(F)F)(C(F)(F)F)(F)F.CC(C)(C)N=P(N1CCCC1)(N2CCCC2)N3CCCC3,81.58702850341797,COC(Oc1ccccc1OCCO)c1sccc1Cl,2.679894378095287
35,COCCOc1ccccc1OCCO.C(C(C(F)(F)S(=O)(=O)F)(F)F)(C(F)(F)F)(F)F.CC(C)(C)N=P(N1CCCC1)(N2CCCC2)N3CCCC3,89.259521484375,COCCOc1ccccc1OCCO,1.7802429494631071
36,COCCSc1ccccc1COCCO.C(C(C(F)(F)S(=O)(=O)F)(F)F)(C(F)(F)F)(F)F.CC(C)(C)N=P(N1CCCC1)(N2CCCC2)N3CCCC3,76.28841400146484,COCCSc1ccccc1COCCO,2.1279811817106977
37,COc1ccc(OCCCOCCCO)c(I)c1.C(C(C(F)(F)S(=O)(=O)F)(F)F)(C(F)(F)F)(F)F.CC(C)(C)N=P(N1CCCC1)(N2CCCC2)N3CCCC3,76.91956329345703,COc1ccc(OCCCOCCCO)c(I)c1,2.2274970967810273
38,COc1cccc2cccc(OCCO)c12.C(C(C(F)(F)S(=O)(=O)F)(F)F)(C(F)(F)F)(F)F.CC(C)(C)N=P(N1CCCC1)(N2CCCC2)N3CCCC3,80.30853271484375,COc1cccc2cccc(OCCO)c12,2.107501828365595
39,CS(=O)(=O)Oc1ccc(OCCCOCCCO)cc1.C(C(C(F)(F)S(=O)(=O)F)(F)F)(C(F)(F)F)(F)F.CC(C)(C)N=P(N1CCCC1)(N2CCCC2)N3CCCC3,81.11316680908203,CS(=O)(=O)Oc1ccc(OCCCOCCCO)cc1,2.3285318976558083
40,CSSc1ccccc1CCOCCO.C(C(C(F)(F)S(=O)(=O)F)(F)F)(C(F)(F)F)(F)F.CC(C)(C)N=P(N1CCCC1)(N2CCCC2)N3CCCC3,78.24903106689453,CSSc1ccccc1CCOCCO,2.345544908752821
41,CSc1ccccc1CCO.C(C(C(F)(F)S(=O)(=O)F)(F)F)(C(F)(F)F)(F)F.CC(C)(C)N=P(N1CCCC1)(N2CCCC2)N3CCCC3,80.58190155029297,CSc1ccccc1CCO,1.9109345018775283
42,CSc1ccccc1COCCCO.C(C(C(F)(F)S(=O)(=O)F)(F)F)(C(F)(F)F)(F)F.CC(C)(C)N=P(N1CCCC1)(N2CCCC2)N3CCCC3,84.08537292480469,CSc1ccccc1COCCCO,2.0888582026785834
43,Cc1ccccc1SCSc1ccccc1CCO.C(C(C(F)(F)S(=O)(=O)F)(F)F)(C(F)(F)F)(F)F.CC(C)(C)N=P(N1CCCC1)(N2CCCC2)N3CCCC3,77.12870025634766,Cc1ccccc1SCSc1ccccc1CCO,2.0037486875552455
44,N#CC(=C(O)OCCCO)c1ccccc1Cl.C(C(C(F)(F)S(=O)(=O)F)(F)F)(C(F)(F)F)(F)F.CC(C)(C)N=P(N1CCCC1)(N2CCCC2)N3CCCC3,72.37489318847656,N#CC(=C(O)OCCCO)c1ccccc1Cl,2.120093253249249
45,N#CC(C#N)=C(O)OCCCO.C(C(C(F)(F)S(=O)(=O)F)(F)F)(C(F)(F)F)(F)F.CC(C)(C)N=P(N1CCCC1)(N2CCCC2)N3CCCC3,73.29501342773438,N#CC(C#N)=C(O)OCCCO,1.68066674833553
46,N#CC(CO)Oc1ccccc1OCCCO.C(C(C(F)(F)S(=O)(=O)F)(F)F)(C(F)(F)F)(F)F.CC(C)(C)N=P(N1CCCC1)(N2CCCC2)N3CCCC3,86.05723571777344,N#CC(CO)Oc1ccccc1OCCCO,2.1314274548211776
47,N#CCCCCCOCCCO.C(C(C(F)(F)S(=O)(=O)F)(F)F)(C(F)(F)F)(F)F.CC(C)(C)N=P(N1CCCC1)(N2CCCC2)N3CCCC3,82.37198638916016,N#CCCCCCOCCCO,1.971919622354756
48,N#CCCCSCCCCO.C(C(C(F)(F)S(=O)(=O)F)(F)F)(C(F)(F)F)(F)F.CC(C)(C)N=P(N1CCCC1)(N2CCCC2)N3CCCC3,80.80731964111328,N#CCCCSCCCCO,1.7259985645505904
49,N#CCCOc1ccccc1COCCO.C(C(C(F)(F)S(=O)(=O)F)(F)F)(C(F)(F)F)(F)F.CC(C)(C)N=P(N1CCCC1)(N2CCCC2)N3CCCC3,85.79956817626953,N#CCCOc1ccccc1COCCO,2.0984793633417214
50,N#CCOc1ccccc1CCO.C(C(C(F)(F)S(=O)(=O)F)(F)F)(C(F)(F)F)(F)F.CC(C)(C)N=P(N1CCCC1)(N2CCCC2)N3CCCC3,86.01313018798828,N#CCOc1ccccc1CCO,2.190819030668931
51,N#CCOc1ccccc1CCOCCO.C(C(C(F)(F)S(=O)(=O)F)(F)F)(C(F)(F)F)(F)F.CC(C)(C)N=P(N1CCCC1)(N2CCCC2)N3CCCC3,85.67155456542969,N#CCOc1ccccc1CCOCCO,2.4142747188850313
52,N#CCSC(=Cc1ccccc1Br)Oc1ccccc1OCCCO.C(C(C(F)(F)S(=O)(=O)F)(F)F)(C(F)(F)F)(F)F.CC(C)(C)N=P(N1CCCC1)(N2CCCC2)N3CCCC3,81.61994934082031,N#CCSC(=Cc1ccccc1Br)Oc1ccccc1OCCCO,2.824437593951415
53,N#CCc1cccc(CO)c1F.C(C(C(F)(F)S(=O)(=O)F)(F)F)(C(F)(F)F)(F)F.CC(C)(C)N=P(N1CCCC1)(N2CCCC2)N3CCCC3,80.48087310791016,N#CCc1cccc(CO)c1F,2.157844240476793
54,N#COC(Cl)CO.C(C(C(F)(F)S(=O)(=O)F)(F)F)(C(F)(F)F)(F)F.CC(C)(C)N=P(N1CCCC1)(N2CCCC2)N3CCCC3,75.71094512939453,N#COC(Cl)CO,1.419420808562767
55,N#CSCOC(Cl)CO.C(C(C(F)(F)S(=O)(=O)F)(F)F)(C(F)(F)F)(F)F.CC(C)(C)N=P(N1CCCC1)(N2CCCC2)N3CCCC3,74.6292953491211,N#CSCOC(Cl)CO,1.5432899330014878
56,N#Cc1ccc(OC(=S)OCCCO)c(F)c1.C(C(C(F)(F)S(=O)(=O)F)(F)F)(C(F)(F)F)(F)F.CC(C)(C)N=P(N1CCCC1)(N2CCCC2)N3CCCC3,76.21558380126953,N#Cc1ccc(OC(=S)OCCCO)c(F)c1,2.4022355503728052
57,NC(=O)C(=S)OCCO.C(C(C(F)(F)S(=O)(=O)F)(F)F)(C(F)(F)F)(F)F.CC(C)(C)N=P(N1CCCC1)(N2CCCC2)N3CCCC3,72.62417602539062,NC(=O)C(=S)OCCO,1.8023002640252574
58,NC(=O)OCCCO.C(C(C(F)(F)S(=O)(=O)F)(F)F)(C(F)(F)F)(F)F.CC(C)(C)N=P(N1CCCC1)(N2CCCC2)N3CCCC3,78.27092742919922,NC(=O)OCCCO,1.6565453362817602
59,NC(=O)SCCOc1ccccc1OCCO.C(C(C(F)(F)S(=O)(=O)F)(F)F)(C(F)(F)F)(F)F.CC(C)(C)N=P(N1CCCC1)(N2CCCC2)N3CCCC3,85.83216094970703,NC(=O)SCCOc1ccccc1OCCO,2.4497051862149
60,NC(=S)c1ccccc1SCSc1ccccc1CCO.C(C(C(F)(F)S(=O)(=O)F)(F)F)(C(F)(F)F)(F)F.CC(C)(C)N=P(N1CCCC1)(N2CCCC2)N3CCCC3,74.98844909667969,NC(=S)c1ccccc1SCSc1ccccc1CCO,2.468031933745375
61,NC(CO)c1ccccc1CCOCCO.C(C(C(F)(F)S(=O)(=O)F)(F)F)(C(F)(F)F)(F)F.CC(C)(C)N=P(N1CCCC1)(N2CCCC2)N3CCCC3,78.20855712890625,NC(CO)c1ccccc1CCOCCO,2.5284359913347636
62,NC(COc1ccccc1Br)C(=O)OCCO.C(C(C(F)(F)S(=O)(=O)F)(F)F)(C(F)(F)F)(F)F.CC(C)(C)N=P(N1CCCC1)(N2CCCC2)N3CCCC3,80.20909881591797,NC(COc1ccccc1Br)C(=O)OCCO,2.312761441558627
63,NC(N)=NCCCCCCCNCCO.C(C(C(F)(F)S(=O)(=O)F)(F)F)(C(F)(F)F)(F)F.CC(C)(C)N=P(N1CCCC1)(N2CCCC2)N3CCCC3,75.81328582763672,NC(N)=NCCCCCCCNCCO,3.0694471023175165
64,Nc1ccccc1-c1ccccc1COCCO.C(C(C(F)(F)S(=O)(=O)F)(F)F)(C(F)(F)F)(F)F.CC(C)(C)N=P(N1CCCC1)(N2CCCC2)N3CCCC3,79.87992095947266,Nc1ccccc1-c1ccccc1COCCO,2.2932213125508185
65,Nc1ccccc1CCCOCCCO.C(C(C(F)(F)S(=O)(=O)F)(F)F)(C(F)(F)F)(F)F.CC(C)(C)N=P(N1CCCC1)(N2CCCC2)N3CCCC3,87.06835174560547,Nc1ccccc1CCCOCCCO,2.359128446121308
66,Nc1ccccc1COCCCO.C(C(C(F)(F)S(=O)(=O)F)(F)F)(C(F)(F)F)(F)F.CC(C)(C)N=P(N1CCCC1)(N2CCCC2)N3CCCC3,85.00438690185547,Nc1ccccc1COCCCO,2.109341585938456
67,Nc1ccccc1SSCCCO.C(C(C(F)(F)S(=O)(=O)F)(F)F)(C(F)(F)F)(F)F.CC(C)(C)N=P(N1CCCC1)(N2CCCC2)N3CCCC3,80.37398529052734,Nc1ccccc1SSCCCO,2.1956566652675997
68,Nc1ccccc1Sc1ccccc1COCCCO.C(C(C(F)(F)S(=O)(=O)F)(F)F)(C(F)(F)F)(F)F.CC(C)(C)N=P(N1CCCC1)(N2CCCC2)N3CCCC3,80.33393096923828,Nc1ccccc1Sc1ccccc1COCCCO,2.49661124900579
69,O=C(CCl)Oc1ccccc1OCCO.C(C(C(F)(F)S(=O)(=O)F)(F)F)(C(F)(F)F)(F)F.CC(C)(C)N=P(N1CCCC1)(N2CCCC2)N3CCCC3,84.37687683105469,O=C(CCl)Oc1ccccc1OCCO,2.0043921198492733
70,O=C(CO)c1ccccc1-c1ccccc1I.C(C(C(F)(F)S(=O)(=O)F)(F)F)(C(F)(F)F)(F)F.CC(C)(C)N=P(N1CCCC1)(N2CCCC2)N3CCCC3,74.48976135253906,O=C(CO)c1ccccc1-c1ccccc1I,2.0068364985889753
71,O=C(COc1ccccc1F)OCCCO.C(C(C(F)(F)S(=O)(=O)F)(F)F)(C(F)(F)F)(F)F.CC(C)(C)N=P(N1CCCC1)(N2CCCC2)N3CCCC3,87.3128890991211,O=C(COc1ccccc1F)OCCCO,2.3997281900390455
72,O=C(CSCCOCCO)OCc1ccccc1Br.C(C(C(F)(F)S(=O)(=O)F)(F)F)(C(F)(F)F)(F)F.CC(C)(C)N=P(N1CCCC1)(N2CCCC2)N3CCCC3,74.85640716552734,O=C(CSCCOCCO)OCc1ccccc1Br,2.2132994959033523
73,O=C(CSCCOCCO)OCc1cnccc1Br.C(C(C(F)(F)S(=O)(=O)F)(F)F)(C(F)(F)F)(F)F.CC(C)(C)N=P(N1CCCC1)(N2CCCC2)N3CCCC3,72.06043243408203,O=C(CSCCOCCO)OCc1cnccc1Br,2.7450682643805853
74,O=C(O)CCCCCOCCCO.C(C(C(F)(F)S(=O)(=O)F)(F)F)(C(F)(F)F)(F)F.CC(C)(C)N=P(N1CCCC1)(N2CCCC2)N3CCCC3,78.36022186279297,O=C(O)CCCCCOCCCO,2.2780239646087974
75,O=C(O)COc1ccccc1OCCO.C(C(C(F)(F)S(=O)(=O)F)(F)F)(C(F)(F)F)(F)F.CC(C)(C)N=P(N1CCCC1)(N2CCCC2)N3CCCC3,87.5922622680664,O=C(O)COc1ccccc1OCCO,2.1962774420697513
76,O=C(O)Cc1ccccc1CCO.C(C(C(F)(F)S(=O)(=O)F)(F)F)(C(F)(F)F)(F)F.CC(C)(C)N=P(N1CCCC1)(N2CCCC2)N3CCCC3,75.75493621826172,O=C(O)Cc1ccccc1CCO,1.7930667559363442
77,O=C(O)Cc1ccccc1OCCO.C(C(C(F)(F)S(=O)(=O)F)(F)F)(C(F)(F)F)(F)F.CC(C)(C)N=P(N1CCCC1)(N2CCCC2)N3CCCC3,75.07134246826172,O=C(O)Cc1ccccc1OCCO,2.162096363881464
78,O=C(O)c1ccoc1CCO.C(C(C(F)(F)S(=O)(=O)F)(F)F)(C(F)(F)F)(F)F.CC(C)(C)N=P(N1CCCC1)(N2CCCC2)N3CCCC3,76.86311340332031,O=C(O)c1ccoc1CCO,2.180391813008192
79,O=C(OCCCO)OCOc1ccccc1Br.C(C(C(F)(F)S(=O)(=O)F)(F)F)(C(F)(F)F)(F)F.CC(C)(C)N=P(N1CCCC1)(N2CCCC2)N3CCCC3,81.52326202392578,O=C(OCCCO)OCOc1ccccc1Br,2.1019195114055123
80,O=C(OCCCO)Oc1ccccc1Br.C(C(C(F)(F)S(=O)(=O)F)(F)F)(C(F)(F)F)(F)F.CC(C)(C)N=P(N1CCCC1)(N2CCCC2)N3CCCC3,82.8055419921875,O=C(OCCCO)Oc1ccccc1Br,1.9562874040563472
81,O=C(OCCCO)Oc1ccccc1I.C(C(C(F)(F)S(=O)(=O)F)(F)F)(C(F)(F)F)(F)F.CC(C)(C)N=P(N1CCCC1)(N2CCCC2)N3CCCC3,82.8055419921875,O=C(OCCCO)Oc1ccccc1I,1.7968615848015017
82,O=C(OCCCO)c1ccco1.C(C(C(F)(F)S(=O)(=O)F)(F)F)(C(F)(F)F)(F)F.CC(C)(C)N=P(N1CCCC1)(N2CCCC2)N3CCCC3,75.71803283691406,O=C(OCCCO)c1ccco1,2.0340484880622216
83,O=C(Oc1ccccc1OCCO)c1ccco1.C(C(C(F)(F)S(=O)(=O)F)(F)F)(C(F)(F)F)(F)F.CC(C)(C)N=P(N1CCCC1)(N2CCCC2)N3CCCC3,78.24624633789062,O=C(Oc1ccccc1OCCO)c1ccco1,2.4372464247246066
84,O=CCSc1ccccc1CCO.C(C(C(F)(F)S(=O)(=O)F)(F)F)(C(F)(F)F)(F)F.CC(C)(C)N=P(N1CCCC1)(N2CCCC2)N3CCCC3,78.9884262084961,O=CCSc1ccccc1CCO,2.24820981592428
85,O=NOCC#CCCO.C(C(C(F)(F)S(=O)(=O)F)(F)F)(C(F)(F)F)(F)F.CC(C)(C)N=P(N1CCCC1)(N2CCCC2)N3CCCC3,74.27059936523438,O=NOCC#CCCO,1.5517730692054295
86,O=P(c1ccccc1)(c1ccccc1)c1ccccc1CCO.C(C(C(F)(F)S(=O)(=O)F)(F)F)(C(F)(F)F)(F)F.CC(C)(C)N=P(N1CCCC1)(N2CCCC2)N3CCCC3,65.17807006835938,O=P(c1ccccc1)(c1ccccc1)c1ccccc1CCO,2.4427910746123076
87,O=S(=O)(Cc1cccc2ccccc12)OCCCOCCO.C(C(C(F)(F)S(=O)(=O)F)(F)F)(C(F)(F)F)(F)F.CC(C)(C)N=P(N1CCCC1)(N2CCCC2)N3CCCC3,79.73197174072266,O=S(=O)(Cc1cccc2ccccc12)OCCCOCCO,2.4194725289998056
88,O=S(=O)(Nc1ccccc1Br)c1ccccc1-c1cccc(OCCO)c1.C(C(C(F)(F)S(=O)(=O)F)(F)F)(C(F)(F)F)(F)F.CC(C)(C)N=P(N1CCCC1)(N2CCCC2)N3CCCC3,78.67222595214844,O=S(=O)(Nc1ccccc1Br)c1ccccc1-c1cccc(OCCO)c1,2.8984151183317635
89,O=S(=O)(Oc1ccccc1Br)c1ccccc1CCO.C(C(C(F)(F)S(=O)(=O)F)(F)F)(C(F)(F)F)(F)F.CC(C)(C)N=P(N1CCCC1)(N2CCCC2)N3CCCC3,81.45671081542969,O=S(=O)(Oc1ccccc1Br)c1ccccc1CCO,2.324703705143138
90,O=S(=O)(SCCOCCCO)c1ccccc1Br.C(C(C(F)(F)S(=O)(=O)F)(F)F)(C(F)(F)F)(F)F.CC(C)(C)N=P(N1CCCC1)(N2CCCC2)N3CCCC3,76.1173095703125,O=S(=O)(SCCOCCCO)c1ccccc1Br,2.2079556483238303
91,O=S(=O)(SCCOCCCO)c1ccccn1.C(C(C(F)(F)S(=O)(=O)F)(F)F)(C(F)(F)F)(F)F.CC(C)(C)N=P(N1CCCC1)(N2CCCC2)N3CCCC3,72.54092407226562,O=S(=O)(SCCOCCCO)c1ccccn1,2.3041916681407466
92,O=S(=O)(c1ccccc1Br)c1ccccc1COCCCO.C(C(C(F)(F)S(=O)(=O)F)(F)F)(C(F)(F)F)(F)F.CC(C)(C)N=P(N1CCCC1)(N2CCCC2)N3CCCC3,83.75528717041016,O=S(=O)(c1ccccc1Br)c1ccccc1COCCCO,2.630641339389843
93,O=c1[nH]ccc2cccc(OCCCCCCO)c12.C(C(C(F)(F)S(=O)(=O)F)(F)F)(C(F)(F)F)(F)F.CC(C)(C)N=P(N1CCCC1)(N2CCCC2)N3CCCC3,82.71451568603516,O=c1[nH]ccc2cccc(OCCCCCCO)c12,2.8701951790231988
94,O=c1occcc1OCCSc1ccccc1CCO.C(C(C(F)(F)S(=O)(=O)F)(F)F)(C(F)(F)F)(F)F.CC(C)(C)N=P(N1CCCC1)(N2CCCC2)N3CCCC3,75.3821792602539,O=c1occcc1OCCSc1ccccc1CCO,2.7141814310483405
95,OCC#CC#CCO.C(C(C(F)(F)S(=O)(=O)F)(F)F)(C(F)(F)F)(F)F.CC(C)(C)N=P(N1CCCC1)(N2CCCC2)N3CCCC3,75.3464584350586,OCC#CC#CCO,1.2580347912470582
96,OCC#CC#CCOc1ccccc1Br.C(C(C(F)(F)S(=O)(=O)F)(F)F)(C(F)(F)F)(F)F.CC(C)(C)N=P(N1CCCC1)(N2CCCC2)N3CCCC3,82.06482696533203,OCC#CC#CCOc1ccccc1Br,1.8569278630409438
97,OCC#CC#CCOc1ccccc1Cl.C(C(C(F)(F)S(=O)(=O)F)(F)F)(C(F)(F)F)(F)F.CC(C)(C)N=P(N1CCCC1)(N2CCCC2)N3CCCC3,82.46060943603516,OCC#CC#CCOc1ccccc1Cl,2.043949501854668
98,OCC#Cc1ccccc1.C(C(C(F)(F)S(=O)(=O)F)(F)F)(C(F)(F)F)(F)F.CC(C)(C)N=P(N1CCCC1)(N2CCCC2)N3CCCC3,76.92623901367188,OCC#Cc1ccccc1,1.3845119287521983
99,OCC(Cl)=CCNc1ccc2ccccc2c1.C(C(C(F)(F)S(=O)(=O)F)(F)F)(C(F)(F)F)(F)F.CC(C)(C)N=P(N1CCCC1)(N2CCCC2)N3CCCC3,73.23190307617188,OCC(Cl)=CCNc1ccc2ccccc2c1,2.4930974081681523
100,OCC(Cl)OC#Cc1ccccc1Br.C(C(C(F)(F)S(=O)(=O)F)(F)F)(C(F)(F)F)(F)F.CC(C)(C)N=P(N1CCCC1)(N2CCCC2)N3CCCC3,76.12013244628906,OCC(Cl)OC#Cc1ccccc1Br,1.9152885341102261
101,OCC(Cl)OCCSc1ccccc1Br.C(C(C(F)(F)S(=O)(=O)F)(F)F)(C(F)(F)F)(F)F.CC(C)(C)N=P(N1CCCC1)(N2CCCC2)N3CCCC3,73.15750122070312,OCC(Cl)OCCSc1ccccc1Br,2.048998690501156
102,OCC(Cl)OCNc1ccccc1Br.C(C(C(F)(F)S(=O)(=O)F)(F)F)(C(F)(F)F)(F)F.CC(C)(C)N=P(N1CCCC1)(N2CCCC2)N3CCCC3,73.53601837158203,OCC(Cl)OCNc1ccccc1Br,2.158159691310079
103,OCC(Cl)OCNc1ccccc1Cl.C(C(C(F)(F)S(=O)(=O)F)(F)F)(C(F)(F)F)(F)F.CC(C)(C)N=P(N1CCCC1)(N2CCCC2)N3CCCC3,74.73095703125,OCC(Cl)OCNc1ccccc1Cl,2.131142714240597
104,OCC(Cl)OCSc1cccc(O)c1.C(C(C(F)(F)S(=O)(=O)F)(F)F)(C(F)(F)F)(F)F.CC(C)(C)N=P(N1CCCC1)(N2CCCC2)N3CCCC3,74.01068115234375,OCC(Cl)OCSc1cccc(O)c1,2.234603069343508
105,OCC(Cl)OCSc1ccccc1.C(C(C(F)(F)S(=O)(=O)F)(F)F)(C(F)(F)F)(F)F.CC(C)(C)N=P(N1CCCC1)(N2CCCC2)N3CCCC3,76.09825897216797,OCC(Cl)OCSc1ccccc1,1.6938094714007546
106,OCCC#CCOc1cccc2ccccc12.C(C(C(F)(F)S(=O)(=O)F)(F)F)(C(F)(F)F)(F)F.CC(C)(C)N=P(N1CCCC1)(N2CCCC2)N3CCCC3,79.01807403564453,OCCC#CCOc1cccc2ccccc12,1.8643323215279972
107,OCCC#CCOc1ccccc1F.C(C(C(F)(F)S(=O)(=O)F)(F)F)(C(F)(F)F)(F)F.CC(C)(C)N=P(N1CCCC1)(N2CCCC2)N3CCCC3,82.17594146728516,OCCC#CCOc1ccccc1F,1.9631803264679673
108,OCCC#CCc1ccc2ccccc2c1I.C(C(C(F)(F)S(=O)(=O)F)(F)F)(C(F)(F)F)(F)F.CC(C)(C)N=P(N1CCCC1)(N2CCCC2)N3CCCC3,72.98717498779297,OCCC#CCc1ccc2ccccc2c1I,2.3393904958071445
109,OCCC#CCc1cccc2ccccc12.C(C(C(F)(F)S(=O)(=O)F)(F)F)(C(F)(F)F)(F)F.CC(C)(C)N=P(N1CCCC1)(N2CCCC2)N3CCCC3,73.13152313232422,OCCC#CCc1cccc2ccccc12,2.189317529082763
110,OCCC#CCc1cccc2cccnc12.C(C(C(F)(F)S(=O)(=O)F)(F)F)(C(F)(F)F)(F)F.CC(C)(C)N=P(N1CCCC1)(N2CCCC2)N3CCCC3,71.90311431884766,OCCC#CCc1cccc2cccnc12,2.1675163751365183
111,OCCC#CCc1ccccc1.C(C(C(F)(F)S(=O)(=O)F)(F)F)(C(F)(F)F)(F)F.CC(C)(C)N=P(N1CCCC1)(N2CCCC2)N3CCCC3,73.93689727783203,OCCC#CCc1ccccc1,1.605428251529386
112,OCCC#CCc1ccccc1F.C(C(C(F)(F)S(=O)(=O)F)(F)F)(C(F)(F)F)(F)F.CC(C)(C)N=P(N1CCCC1)(N2CCCC2)N3CCCC3,75.3205795288086,OCCC#CCc1ccccc1F,1.7613146837320866
113,OCCC#CCc1ccccc1O.C(C(C(F)(F)S(=O)(=O)F)(F)F)(C(F)(F)F)(F)F.CC(C)(C)N=P(N1CCCC1)(N2CCCC2)N3CCCC3,73.66616821289062,OCCC#CCc1ccccc1O,1.9070634663388795
114,OCCC#CCc1ccccc1OC(=S)CCCO.C(C(C(F)(F)S(=O)(=O)F)(F)F)(C(F)(F)F)(F)F.CC(C)(C)N=P(N1CCCC1)(N2CCCC2)N3CCCC3,73.84334564208984,OCCC#CCc1ccccc1OC(=S)CCCO,2.188174119682767
115,OCCC#CCc1ccccc1OCCSc1ccccc1.C(C(C(F)(F)S(=O)(=O)F)(F)F)(C(F)(F)F)(F)F.CC(C)(C)N=P(N1CCCC1)(N2CCCC2)N3CCCC3,71.72916412353516,OCCC#CCc1ccccc1OCCSc1ccccc1,2.1883393822406547
116,OCCC#CCc1ccccc1Oc1ccccc1I.C(C(C(F)(F)S(=O)(=O)F)(F)F)(C(F)(F)F)(F)F.CC(C)(C)N=P(N1CCCC1)(N2CCCC2)N3CCCC3,75.01512908935547,OCCC#CCc1ccccc1Oc1ccccc1I,2.203183736610473
117,OCCC#CCc1ccccc1Oc1ccccn1.C(C(C(F)(F)S(=O)(=O)F)(F)F)(C(F)(F)F)(F)F.CC(C)(C)N=P(N1CCCC1)(N2CCCC2)N3CCCC3,73.2277603149414,OCCC#CCc1ccccc1Oc1ccccn1,2.3819475778331722
118,OCCC#CCc1ccco1.C(C(C(F)(F)S(=O)(=O)F)(F)F)(C(F)(F)F)(F)F.CC(C)(C)N=P(N1CCCC1)(N2CCCC2)N3CCCC3,74.28947448730469,OCCC#CCc1ccco1,1.781731053299368
119,OCCCCCOCCCc1ccccc1Br.C(C(C(F)(F)S(=O)(=O)F)(F)F)(C(F)(F)F)(F)F.CC(C)(C)N=P(N1CCCC1)(N2CCCC2)N3CCCC3,87.5289535522461,OCCCCCOCCCc1ccccc1Br,2.2402753151602166
120,OCCCCCOCc1ccco1.C(C(C(F)(F)S(=O)(=O)F)(F)F)(C(F)(F)F)(F)F.CC(C)(C)N=P(N1CCCC1)(N2CCCC2)N3CCCC3,85.15594482421875,OCCCCCOCc1ccco1,2.0235349681159605
121,OCCCCCc1cccc(CO)c1F.C(C(C(F)(F)S(=O)(=O)F)(F)F)(C(F)(F)F)(F)F.CC(C)(C)N=P(N1CCCC1)(N2CCCC2)N3CCCC3,90.06877899169922,OCCCCCc1cccc(CO)c1F,2.559152760387373
122,OCCCCON=CCOc1ccccc1.C(C(C(F)(F)S(=O)(=O)F)(F)F)(C(F)(F)F)(F)F.CC(C)(C)N=P(N1CCCC1)(N2CCCC2)N3CCCC3,87.16844940185547,OCCCCON=CCOc1ccccc1,2.347618415790353
123,OCCCN=C(O)c1ccccc1F.C(C(C(F)(F)S(=O)(=O)F)(F)F)(C(F)(F)F)(F)F.CC(C)(C)N=P(N1CCCC1)(N2CCCC2)N3CCCC3,72.08257293701172,OCCCN=C(O)c1ccccc1F,2.373219181448552
124,OCCCOC#Cc1ccccc1F.C(C(C(F)(F)S(=O)(=O)F)(F)F)(C(F)(F)F)(F)F.CC(C)(C)N=P(N1CCCC1)(N2CCCC2)N3CCCC3,80.14611053466797,OCCCOC#Cc1ccccc1F,1.9712465000506798
125,OCCCOC(=S)Oc1ccccc1Cl.C(C(C(F)(F)S(=O)(=O)F)(F)F)(C(F)(F)F)(F)F.CC(C)(C)N=P(N1CCCC1)(N2CCCC2)N3CCCC3,83.6405258178711,OCCCOC(=S)Oc1ccccc1Cl,1.878652858384149
126,OCCCOC(=S)c1ccco1.C(C(C(F)(F)S(=O)(=O)F)(F)F)(C(F)(F)F)(F)F.CC(C)(C)N=P(N1CCCC1)(N2CCCC2)N3CCCC3,76.90935516357422,OCCCOC(=S)c1ccco1,2.2578624732108237
127,OCCCOC(O)=C(I)I.C(C(C(F)(F)S(=O)(=O)F)(F)F)(C(F)(F)F)(F)F.CC(C)(C)N=P(N1CCCC1)(N2CCCC2)N3CCCC3,73.99700927734375,OCCCOC(O)=C(I)I,1.9351577510499425
128,OCCCOCC#Cc1ccccc1Cl.C(C(C(F)(F)S(=O)(=O)F)(F)F)(C(F)(F)F)(F)F.CC(C)(C)N=P(N1CCCC1)(N2CCCC2)N3CCCC3,78.11649322509766,OCCCOCC#Cc1ccccc1Cl,1.9735060779743434
129,OCCCOCCCCCCc1ccco1.C(C(C(F)(F)S(=O)(=O)F)(F)F)(C(F)(F)F)(F)F.CC(C)(C)N=P(N1CCCC1)(N2CCCC2)N3CCCC3,80.5959701538086,OCCCOCCCCCCc1ccco1,2.4081411290111197
130,OCCCOCCCCCOc1cccc2ccccc12.C(C(C(F)(F)S(=O)(=O)F)(F)F)(C(F)(F)F)(F)F.CC(C)(C)N=P(N1CCCC1)(N2CCCC2)N3CCCC3,77.42084503173828,OCCCOCCCCCOc1cccc2ccccc12,2.246528528281285
131,OCCCOCCCCCOc1ccccn1.C(C(C(F)(F)S(=O)(=O)F)(F)F)(C(F)(F)F)(F)F.CC(C)(C)N=P(N1CCCC1)(N2CCCC2)N3CCCC3,75.28491973876953,OCCCOCCCCCOc1ccccn1,2.2289962549361366
132,OCCCOCCCCCc1ccccc1Br.C(C(C(F)(F)S(=O)(=O)F)(F)F)(C(F)(F)F)(F)F.CC(C)(C)N=P(N1CCCC1)(N2CCCC2)N3CCCC3,87.16947174072266,OCCCOCCCCCc1ccccc1Br,2.3580670025230193
133,OCCCOCCCCc1ccccc1.C(C(C(F)(F)S(=O)(=O)F)(F)F)(C(F)(F)F)(F)F.CC(C)(C)N=P(N1CCCC1)(N2CCCC2)N3CCCC3,90.4124526977539,OCCCOCCCCc1ccccc1,2.2523141221112257
134,OCCCOCCCCc1ccccc1I.C(C(C(F)(F)S(=O)(=O)F)(F)F)(C(F)(F)F)(F)F.CC(C)(C)N=P(N1CCCC1)(N2CCCC2)N3CCCC3,90.60794067382812,OCCCOCCCCc1ccccc1I,2.2073495551162754
135,OCCCOCCCCc1ccco1.C(C(C(F)(F)S(=O)(=O)F)(F)F)(C(F)(F)F)(F)F.CC(C)(C)N=P(N1CCCC1)(N2CCCC2)N3CCCC3,89.15696716308594,OCCCOCCCCc1ccco1,2.283684471854447
136,OCCCOCCCOc1ccccn1.C(C(C(F)(F)S(=O)(=O)F)(F)F)(C(F)(F)F)(F)F.CC(C)(C)N=P(N1CCCC1)(N2CCCC2)N3CCCC3,81.03140258789062,OCCCOCCCOc1ccccn1,2.113916975323451
137,OCCCOCCCSc1ccccn1.C(C(C(F)(F)S(=O)(=O)F)(F)F)(C(F)(F)F)(F)F.CC(C)(C)N=P(N1CCCC1)(N2CCCC2)N3CCCC3,74.65093994140625,OCCCOCCCSc1ccccn1,2.0230130891754055
138,OCCCOCCCc1ccccc1Br.C(C(C(F)(F)S(=O)(=O)F)(F)F)(C(F)(F)F)(F)F.CC(C)(C)N=P(N1CCCC1)(N2CCCC2)N3CCCC3,87.8429946899414,OCCCOCCCc1ccccc1Br,1.9536519069637814
139,OCCCOCCCc1ccccc1C=Cc1ccccc1Br.C(C(C(F)(F)S(=O)(=O)F)(F)F)(C(F)(F)F)(F)F.CC(C)(C)N=P(N1CCCC1)(N2CCCC2)N3CCCC3,76.52253723144531,OCCCOCCCc1ccccc1C=Cc1ccccc1Br,2.4750020799206434
140,OCCCOCCCc1ccccc1Cc1ccccc1.C(C(C(F)(F)S(=O)(=O)F)(F)F)(C(F)(F)F)(F)F.CC(C)(C)N=P(N1CCCC1)(N2CCCC2)N3CCCC3,85.72341918945312,OCCCOCCCc1ccccc1Cc1ccccc1,2.772658160317392
141,OCCCOCCCc1ccccc1F.C(C(C(F)(F)S(=O)(=O)F)(F)F)(C(F)(F)F)(F)F.CC(C)(C)N=P(N1CCCC1)(N2CCCC2)N3CCCC3,88.1012954711914,OCCCOCCCc1ccccc1F,2.2772117630591637
142,OCCCOCCCc1ccccc1O.C(C(C(F)(F)S(=O)(=O)F)(F)F)(C(F)(F)F)(F)F.CC(C)(C)N=P(N1CCCC1)(N2CCCC2)N3CCCC3,85.93624114990234,OCCCOCCCc1ccccc1O,2.3457718045105875
143,OCCCOCCOCc1ccco1.C(C(C(F)(F)S(=O)(=O)F)(F)F)(C(F)(F)F)(F)F.CC(C)(C)N=P(N1CCCC1)(N2CCCC2)N3CCCC3,83.8083724975586,OCCCOCCOCc1ccco1,2.356416701463373
144,OCCCOCCOc1ccccc1Br.C(C(C(F)(F)S(=O)(=O)F)(F)F)(C(F)(F)F)(F)F.CC(C)(C)N=P(N1CCCC1)(N2CCCC2)N3CCCC3,87.35305786132812,OCCCOCCOc1ccccc1Br,1.9367390022510262
145,OCCCOCCOc1ccccn1.C(C(C(F)(F)S(=O)(=O)F)(F)F)(C(F)(F)F)(F)F.CC(C)(C)N=P(N1CCCC1)(N2CCCC2)N3CCCC3,83.50653839111328,OCCCOCCOc1ccccn1,1.9981861894084563
146,OCCCOCCOc1ncccc1F.C(C(C(F)(F)S(=O)(=O)F)(F)F)(C(F)(F)F)(F)F.CC(C)(C)N=P(N1CCCC1)(N2CCCC2)N3CCCC3,81.09008026123047,OCCCOCCOc1ncccc1F,2.5476313103323136
147,OCCCOCCOc1occc1Br.C(C(C(F)(F)S(=O)(=O)F)(F)F)(C(F)(F)F)(F)F.CC(C)(C)N=P(N1CCCC1)(N2CCCC2)N3CCCC3,77.2452163696289,OCCCOCCOc1occc1Br,2.279845034987618
148,OCCCOCCOc1occc1I.C(C(C(F)(F)S(=O)(=O)F)(F)F)(C(F)(F)F)(F)F.CC(C)(C)N=P(N1CCCC1)(N2CCCC2)N3CCCC3,77.2452163696289,OCCCOCCOc1occc1I,2.204757124052559
149,OCCCOCCOc1oncc1Br.C(C(C(F)(F)S(=O)(=O)F)(F)F)(C(F)(F)F)(F)F.CC(C)(C)N=P(N1CCCC1)(N2CCCC2)N3CCCC3,78.75778198242188,OCCCOCCOc1oncc1Br,2.232252010956764
150,OCCCOCCSSc1ccccc1.C(C(C(F)(F)S(=O)(=O)F)(F)F)(C(F)(F)F)(F)F.CC(C)(C)N=P(N1CCCC1)(N2CCCC2)N3CCCC3,77.21849060058594,OCCCOCCSSc1ccccc1,2.351780614235154
151,OCCCOCCc1cccnc1.C(C(C(F)(F)S(=O)(=O)F)(F)F)(C(F)(F)F)(F)F.CC(C)(C)N=P(N1CCCC1)(N2CCCC2)N3CCCC3,82.29796600341797,OCCCOCCc1cccnc1,2.4566226636334507
152,OCCCOCc1c2ccccc2cc2ccccc12.C(C(C(F)(F)S(=O)(=O)F)(F)F)(C(F)(F)F)(F)F.CC(C)(C)N=P(N1CCCC1)(N2CCCC2)N3CCCC3,83.01787567138672,OCCCOCc1c2ccccc2cc2ccccc12,2.4039671338724222
153,OCCCOCc1cccc2ccsc12.C(C(C(F)(F)S(=O)(=O)F)(F)F)(C(F)(F)F)(F)F.CC(C)(C)N=P(N1CCCC1)(N2CCCC2)N3CCCC3,82.82209014892578,OCCCOCc1cccc2ccsc12,2.6537153717540134
154,OCCCOCc1ccccc1Br.C(C(C(F)(F)S(=O)(=O)F)(F)F)(C(F)(F)F)(F)F.CC(C)(C)N=P(N1CCCC1)(N2CCCC2)N3CCCC3,82.18346405029297,OCCCOCc1ccccc1Br,1.5608454580514382
155,OCCCOCc1ccccc1COc1ccccc1Br.C(C(C(F)(F)S(=O)(=O)F)(F)F)(C(F)(F)F)(F)F.CC(C)(C)N=P(N1CCCC1)(N2CCCC2)N3CCCC3,86.02576446533203,OCCCOCc1ccccc1COc1ccccc1Br,1.9093526269548011
156,OCCCOCc1ccccc1CSc1ccccn1.C(C(C(F)(F)S(=O)(=O)F)(F)F)(C(F)(F)F)(F)F.CC(C)(C)N=P(N1CCCC1)(N2CCCC2)N3CCCC3,75.29645538330078,OCCCOCc1ccccc1CSc1ccccn1,2.4799179893408887
157,OCCCOCc1ccccc1F.C(C(C(F)(F)S(=O)(=O)F)(F)F)(C(F)(F)F)(F)F.CC(C)(C)N=P(N1CCCC1)(N2CCCC2)N3CCCC3,83.4012680053711,OCCCOCc1ccccc1F,1.893190257501162
158,OCCCOCc1ccccc1NCc1cccc2ccoc12.C(C(C(F)(F)S(=O)(=O)F)(F)F)(C(F)(F)F)(F)F.CC(C)(C)N=P(N1CCCC1)(N2CCCC2)N3CCCC3,79.82656860351562,OCCCOCc1ccccc1NCc1cccc2ccoc12,3.238298990155746
159,OCCCOCc1ccccc1Nc1ccccc1I.C(C(C(F)(F)S(=O)(=O)F)(F)F)(C(F)(F)F)(F)F.CC(C)(C)N=P(N1CCCC1)(N2CCCC2)N3CCCC3,78.5379867553711,OCCCOCc1ccccc1Nc1ccccc1I,2.2827437198357083
160,OCCCOCc1ccccc1O.C(C(C(F)(F)S(=O)(=O)F)(F)F)(C(F)(F)F)(F)F.CC(C)(C)N=P(N1CCCC1)(N2CCCC2)N3CCCC3,82.05365753173828,OCCCOCc1ccccc1O,2.217376697024314
161,OCCCOCc1ccccc1OCCO.C(C(C(F)(F)S(=O)(=O)F)(F)F)(C(F)(F)F)(F)F.CC(C)(C)N=P(N1CCCC1)(N2CCCC2)N3CCCC3,82.3378677368164,OCCCOCc1ccccc1OCCO,2.3981973757874044
162,OCCCOCc1ccccc1OCCOc1ccccc1Br.C(C(C(F)(F)S(=O)(=O)F)(F)F)(C(F)(F)F)(F)F.CC(C)(C)N=P(N1CCCC1)(N2CCCC2)N3CCCC3,84.8798599243164,OCCCOCc1ccccc1OCCOc1ccccc1Br,2.1901798450890713
163,OCCCOCc1ccccc1Oc1ccccc1.C(C(C(F)(F)S(=O)(=O)F)(F)F)(C(F)(F)F)(F)F.CC(C)(C)N=P(N1CCCC1)(N2CCCC2)N3CCCC3,85.14212036132812,OCCCOCc1ccccc1Oc1ccccc1,2.465003156175743
164,OCCCOCc1ccccc1Oc1ccccc1Cl.C(C(C(F)(F)S(=O)(=O)F)(F)F)(C(F)(F)F)(F)F.CC(C)(C)N=P(N1CCCC1)(N2CCCC2)N3CCCC3,85.87158203125,OCCCOCc1ccccc1Oc1ccccc1Cl,2.3876969512053234
165,OCCCOCc1ccccc1Sc1ccccc1OCc1ccccc1.C(C(C(F)(F)S(=O)(=O)F)(F)F)(C(F)(F)F)(F)F.CC(C)(C)N=P(N1CCCC1)(N2CCCC2)N3CCCC3,76.91536712646484,OCCCOCc1ccccc1Sc1ccccc1OCc1ccccc1,2.461298180362369
166,OCCCOCc1cccnc1O.C(C(C(F)(F)S(=O)(=O)F)(F)F)(C(F)(F)F)(F)F.CC(C)(C)N=P(N1CCCC1)(N2CCCC2)N3CCCC3,79.54711151123047,OCCCOCc1cccnc1O,2.0499455283668127
167,OCCCOCc1ccco1.C(C(C(F)(F)S(=O)(=O)F)(F)F)(C(F)(F)F)(F)F.CC(C)(C)N=P(N1CCCC1)(N2CCCC2)N3CCCC3,83.13912200927734,OCCCOCc1ccco1,2.0151649593867025
168,OCCCOCc1cnco1.C(C(C(F)(F)S(=O)(=O)F)(F)F)(C(F)(F)F)(F)F.CC(C)(C)N=P(N1CCCC1)(N2CCCC2)N3CCCC3,83.80122375488281,OCCCOCc1cnco1,2.3092784618383106
169,OCCCON=CCOc1ccccc1Cl.C(C(C(F)(F)S(=O)(=O)F)(F)F)(C(F)(F)F)(F)F.CC(C)(C)N=P(N1CCCC1)(N2CCCC2)N3CCCC3,85.8766860961914,OCCCON=CCOc1ccccc1Cl,2.464418357590138
170,OCCCON=CCOc1ccco1.C(C(C(F)(F)S(=O)(=O)F)(F)F)(C(F)(F)F)(F)F.CC(C)(C)N=P(N1CCCC1)(N2CCCC2)N3CCCC3,83.72016143798828,OCCCON=CCOc1ccco1,2.7815581925100457
171,OCCCOc1ccccc1.C(C(C(F)(F)S(=O)(=O)F)(F)F)(C(F)(F)F)(F)F.CC(C)(C)N=P(N1CCCC1)(N2CCCC2)N3CCCC3,87.6606216430664,OCCCOc1ccccc1,1.528580108359557
172,OCCCOc1ccccc1-c1ccccc1OCc1ccccc1Br.C(C(C(F)(F)S(=O)(=O)F)(F)F)(C(F)(F)F)(F)F.CC(C)(C)N=P(N1CCCC1)(N2CCCC2)N3CCCC3,80.62386322021484,OCCCOc1ccccc1-c1ccccc1OCc1ccccc1Br,2.6489033119444185
173,OCCCOc1ccccc1Sc1ccccn1.C(C(C(F)(F)S(=O)(=O)F)(F)F)(C(F)(F)F)(F)F.CC(C)(C)N=P(N1CCCC1)(N2CCCC2)N3CCCC3,75.67202758789062,OCCCOc1ccccc1Sc1ccccn1,2.222192435967467
174,OCCCSCCCS.C(C(C(F)(F)S(=O)(=O)F)(F)F)(C(F)(F)F)(F)F.CC(C)(C)N=P(N1CCCC1)(N2CCCC2)N3CCCC3,74.04845428466797,OCCCSCCCS,1.7872640553279897
175,OCCCSCc1ccccc1Br.C(C(C(F)(F)S(=O)(=O)F)(F)F)(C(F)(F)F)(F)F.CC(C)(C)N=P(N1CCCC1)(N2CCCC2)N3CCCC3,78.91681671142578,OCCCSCc1ccccc1Br,1.906619478434338
176,OCCCc1cccc2cccnc12.C(C(C(F)(F)S(=O)(=O)F)(F)F)(C(F)(F)F)(F)F.CC(C)(C)N=P(N1CCCC1)(N2CCCC2)N3CCCC3,80.86627960205078,OCCCc1cccc2cccnc12,2.2563023601294714
177,OCCCc1ccccc1OCCO.C(C(C(F)(F)S(=O)(=O)F)(F)F)(C(F)(F)F)(F)F.CC(C)(C)N=P(N1CCCC1)(N2CCCC2)N3CCCC3,83.37279510498047,OCCCc1ccccc1OCCO,2.3902431098302213
178,OCCNCCOc1ccccc1Br.C(C(C(F)(F)S(=O)(=O)F)(F)F)(C(F)(F)F)(F)F.CC(C)(C)N=P(N1CCCC1)(N2CCCC2)N3CCCC3,83.6593246459961,OCCNCCOc1ccccc1Br,2.2522897574972647
179,OCCOC#Cc1ccccc1.C(C(C(F)(F)S(=O)(=O)F)(F)F)(C(F)(F)F)(F)F.CC(C)(C)N=P(N1CCCC1)(N2CCCC2)N3CCCC3,78.04705047607422,OCCOC#Cc1ccccc1,1.6918473002633587
180,OCCOC(=S)c1ccccn1.C(C(C(F)(F)S(=O)(=O)F)(F)F)(C(F)(F)F)(F)F.CC(C)(C)N=P(N1CCCC1)(N2CCCC2)N3CCCC3,72.84320831298828,OCCOC(=S)c1ccccn1,1.831819402356257
181,OCCOC(=S)c1cccs1.C(C(C(F)(F)S(=O)(=O)F)(F)F)(C(F)(F)F)(F)F.CC(C)(C)N=P(N1CCCC1)(N2CCCC2)N3CCCC3,76.77125549316406,OCCOC(=S)c1cccs1,2.15737295605847
182,OCCOCC#COc1cccc2cccnc12.C(C(C(F)(F)S(=O)(=O)F)(F)F)(C(F)(F)F)(F)F.CC(C)(C)N=P(N1CCCC1)(N2CCCC2)N3CCCC3,76.55504608154297,OCCOCC#COc1cccc2cccnc12,2.353688364965517
183,OCCOCCCCCCOc1ccccc1.C(C(C(F)(F)S(=O)(=O)F)(F)F)(C(F)(F)F)(F)F.CC(C)(C)N=P(N1CCCC1)(N2CCCC2)N3CCCC3,77.50499725341797,OCCOCCCCCCOc1ccccc1,1.736648320397173
184,OCCOCCCOCc1ccco1.C(C(C(F)(F)S(=O)(=O)F)(F)F)(C(F)(F)F)(F)F.CC(C)(C)N=P(N1CCCC1)(N2CCCC2)N3CCCC3,82.64552307128906,OCCOCCCOCc1ccco1,2.0963476479193504
185,OCCOCCCc1ccccc1I.C(C(C(F)(F)S(=O)(=O)F)(F)F)(C(F)(F)F)(F)F.CC(C)(C)N=P(N1CCCC1)(N2CCCC2)N3CCCC3,88.47313690185547,OCCOCCCc1ccccc1I,2.0731544155690838
186,OCCOCCNc1ccc2ccccc2c1.C(C(C(F)(F)S(=O)(=O)F)(F)F)(C(F)(F)F)(F)F.CC(C)(C)N=P(N1CCCC1)(N2CCCC2)N3CCCC3,77.83267974853516,OCCOCCNc1ccc2ccccc2c1,2.4703752741134277
187,OCCOCCOC(=S)SC=C(Cl)Br.C(C(C(F)(F)S(=O)(=O)F)(F)F)(C(F)(F)F)(F)F.CC(C)(C)N=P(N1CCCC1)(N2CCCC2)N3CCCC3,60.617557525634766,OCCOCCOC(=S)SC=C(Cl)Br,2.238250094532165
188,OCCOCCOC(=S)SC=Cc1ccccc1Br.C(C(C(F)(F)S(=O)(=O)F)(F)F)(C(F)(F)F)(F)F.CC(C)(C)N=P(N1CCCC1)(N2CCCC2)N3CCCC3,68.52696990966797,OCCOCCOC(=S)SC=Cc1ccccc1Br,2.174576331801029
189,OCCOCCOC(=S)SC=Cc1cccs1.C(C(C(F)(F)S(=O)(=O)F)(F)F)(C(F)(F)F)(F)F.CC(C)(C)N=P(N1CCCC1)(N2CCCC2)N3CCCC3,66.78124237060547,OCCOCCOC(=S)SC=Cc1cccs1,2.552111776274743
190,OCCOCCOc1cccc2ccccc12.C(C(C(F)(F)S(=O)(=O)F)(F)F)(C(F)(F)F)(F)F.CC(C)(C)N=P(N1CCCC1)(N2CCCC2)N3CCCC3,85.52074432373047,OCCOCCOc1cccc2ccccc12,1.755444129776444
191,OCCOCCOc1ccccc1OCCO.C(C(C(F)(F)S(=O)(=O)F)(F)F)(C(F)(F)F)(F)F.CC(C)(C)N=P(N1CCCC1)(N2CCCC2)N3CCCC3,89.01630401611328,OCCOCCOc1ccccc1OCCO,1.7246743955790476
192,OCCOCCOc1ccccc1OCCOc1ccccc1Br.C(C(C(F)(F)S(=O)(=O)F)(F)F)(C(F)(F)F)(F)F.CC(C)(C)N=P(N1CCCC1)(N2CCCC2)N3CCCC3,85.3533935546875,OCCOCCOc1ccccc1OCCOc1ccccc1Br,1.6648092709017024
193,OCCOCCSC(O)=CCl.C(C(C(F)(F)S(=O)(=O)F)(F)F)(C(F)(F)F)(F)F.CC(C)(C)N=P(N1CCCC1)(N2CCCC2)N3CCCC3,72.5282974243164,OCCOCCSC(O)=CCl,2.19063766701951
194,OCCOCCSCCOc1ccccc1Br.C(C(C(F)(F)S(=O)(=O)F)(F)F)(C(F)(F)F)(F)F.CC(C)(C)N=P(N1CCCC1)(N2CCCC2)N3CCCC3,85.43629455566406,OCCOCCSCCOc1ccccc1Br,2.066332800546535
195,OCCOCCSc1ccccc1COCCO.C(C(C(F)(F)S(=O)(=O)F)(F)F)(C(F)(F)F)(F)F.CC(C)(C)N=P(N1CCCC1)(N2CCCC2)N3CCCC3,78.87691497802734,OCCOCCSc1ccccc1COCCO,1.9737647283159039
196,OCCOCCSc1ccccn1.C(C(C(F)(F)S(=O)(=O)F)(F)F)(C(F)(F)F)(F)F.CC(C)(C)N=P(N1CCCC1)(N2CCCC2)N3CCCC3,74.0829086303711,OCCOCCSc1ccccn1,1.8864732449499622
197,OCCOCCSc1cccnc1O.C(C(C(F)(F)S(=O)(=O)F)(F)F)(C(F)(F)F)(F)F.CC(C)(C)N=P(N1CCCC1)(N2CCCC2)N3CCCC3,68.50312042236328,OCCOCCSc1cccnc1O,2.2200414939768094
198,OCCOCCc1ccc(-c2ccccc2)cc1.C(C(C(F)(F)S(=O)(=O)F)(F)F)(C(F)(F)F)(F)F.CC(C)(C)N=P(N1CCCC1)(N2CCCC2)N3CCCC3,83.17503356933594,OCCOCCc1ccc(-c2ccccc2)cc1,2.538890098494747
199,OCCOCCc1ccccc1.C(C(C(F)(F)S(=O)(=O)F)(F)F)(C(F)(F)F)(F)F.CC(C)(C)N=P(N1CCCC1)(N2CCCC2)N3CCCC3,85.98788452148438,OCCOCCc1ccccc1,1.690957310506706
200,OCCOCCc1ccccc1-c1ccccc1Br.C(C(C(F)(F)S(=O)(=O)F)(F)F)(C(F)(F)F)(F)F.CC(C)(C)N=P(N1CCCC1)(N2CCCC2)N3CCCC3,84.3445816040039,OCCOCCc1ccccc1-c1ccccc1Br,2.1413403932821646
201,OCCOCCc1ccccc1-c1ccccc1Cl.C(C(C(F)(F)S(=O)(=O)F)(F)F)(C(F)(F)F)(F)F.CC(C)(C)N=P(N1CCCC1)(N2CCCC2)N3CCCC3,86.14778900146484,OCCOCCc1ccccc1-c1ccccc1Cl,2.4413280007316396
202,OCCOCCc1ccccc1Br.C(C(C(F)(F)S(=O)(=O)F)(F)F)(C(F)(F)F)(F)F.CC(C)(C)N=P(N1CCCC1)(N2CCCC2)N3CCCC3,85.06856536865234,OCCOCCc1ccccc1Br,1.6306636249112088
203,OCCOCCc1ccccc1C(O)CCO.C(C(C(F)(F)S(=O)(=O)F)(F)F)(C(F)(F)F)(F)F.CC(C)(C)N=P(N1CCCC1)(N2CCCC2)N3CCCC3,82.04305267333984,OCCOCCc1ccccc1C(O)CCO,2.4402049267048036
204,OCCOCCc1ccccc1C(O)c1ccccc1I.C(C(C(F)(F)S(=O)(=O)F)(F)F)(C(F)(F)F)(F)F.CC(C)(C)N=P(N1CCCC1)(N2CCCC2)N3CCCC3,82.72483825683594,OCCOCCc1ccccc1C(O)c1ccccc1I,2.2865892100867287
205,OCCOCCc1ccccc1CC=Cc1ccccc1Br.C(C(C(F)(F)S(=O)(=O)F)(F)F)(C(F)(F)F)(F)F.CC(C)(C)N=P(N1CCCC1)(N2CCCC2)N3CCCC3,76.1133804321289,OCCOCCc1ccccc1CC=Cc1ccccc1Br,2.291587162120845
206,OCCOCCc1ccccc1CCCCOCc1ccccc1Br.C(C(C(F)(F)S(=O)(=O)F)(F)F)(C(F)(F)F)(F)F.CC(C)(C)N=P(N1CCCC1)(N2CCCC2)N3CCCC3,85.46428680419922,OCCOCCc1ccccc1CCCCOCc1ccccc1Br,2.459879797127585
207,OCCOCCc1ccccc1CCCc1ccccc1.C(C(C(F)(F)S(=O)(=O)F)(F)F)(C(F)(F)F)(F)F.CC(C)(C)N=P(N1CCCC1)(N2CCCC2)N3CCCC3,87.73021697998047,OCCOCCc1ccccc1CCCc1ccccc1,2.4888404203795425
208,OCCOCCc1ccccc1CCCc1ccccc1I.C(C(C(F)(F)S(=O)(=O)F)(F)F)(C(F)(F)F)(F)F.CC(C)(C)N=P(N1CCCC1)(N2CCCC2)N3CCCC3,87.03012084960938,OCCOCCc1ccccc1CCCc1ccccc1I,2.1172961336316796
209,OCCOCCc1ccccc1CCCl.C(C(C(F)(F)S(=O)(=O)F)(F)F)(C(F)(F)F)(F)F.CC(C)(C)N=P(N1CCCC1)(N2CCCC2)N3CCCC3,82.69635009765625,OCCOCCc1ccccc1CCCl,1.9915797405330782
210,OCCOCCc1ccccc1CCOCCO.C(C(C(F)(F)S(=O)(=O)F)(F)F)(C(F)(F)F)(F)F.CC(C)(C)N=P(N1CCCC1)(N2CCCC2)N3CCCC3,85.3441390991211,OCCOCCc1ccccc1CCOCCO,1.6821594111036526
211,OCCOCCc1ccccc1CCc1ccccc1.C(C(C(F)(F)S(=O)(=O)F)(F)F)(C(F)(F)F)(F)F.CC(C)(C)N=P(N1CCCC1)(N2CCCC2)N3CCCC3,85.34564208984375,OCCOCCc1ccccc1CCc1ccccc1,2.2710765635689736
212,OCCOCCc1ccccc1CCc1ccccc1F.C(C(C(F)(F)S(=O)(=O)F)(F)F)(C(F)(F)F)(F)F.CC(C)(C)N=P(N1CCCC1)(N2CCCC2)N3CCCC3,85.48540496826172,OCCOCCc1ccccc1CCc1ccccc1F,2.0545547437518334
213,OCCOCCc1ccccc1Cc1ccccc1.C(C(C(F)(F)S(=O)(=O)F)(F)F)(C(F)(F)F)(F)F.CC(C)(C)N=P(N1CCCC1)(N2CCCC2)N3CCCC3,84.69422149658203,OCCOCCc1ccccc1Cc1ccccc1,2.5218060396539963
214,OCCOCCc1ccccc1Cc1ccccc1Br.C(C(C(F)(F)S(=O)(=O)F)(F)F)(C(F)(F)F)(F)F.CC(C)(C)N=P(N1CCCC1)(N2CCCC2)N3CCCC3,83.60283660888672,OCCOCCc1ccccc1Cc1ccccc1Br,2.327457497515468
215,OCCOCCc1ccccc1Cc1ccccc1F.C(C(C(F)(F)S(=O)(=O)F)(F)F)(C(F)(F)F)(F)F.CC(C)(C)N=P(N1CCCC1)(N2CCCC2)N3CCCC3,84.76988983154297,OCCOCCc1ccccc1Cc1ccccc1F,2.451450232562597
216,OCCOCCc1ccccc1OCc1cccc2ccccc12.C(C(C(F)(F)S(=O)(=O)F)(F)F)(C(F)(F)F)(F)F.CC(C)(C)N=P(N1CCCC1)(N2CCCC2)N3CCCC3,82.6725082397461,OCCOCCc1ccccc1OCc1cccc2ccccc12,2.4012466971331428
217,OCCOCCc1ccccc1OCc1ccccc1.C(C(C(F)(F)S(=O)(=O)F)(F)F)(C(F)(F)F)(F)F.CC(C)(C)N=P(N1CCCC1)(N2CCCC2)N3CCCC3,84.29483795166016,OCCOCCc1ccccc1OCc1ccccc1,2.0375490046358764
218,OCCOCCc1ccccc1OCc1ccccc1Br.C(C(C(F)(F)S(=O)(=O)F)(F)F)(C(F)(F)F)(F)F.CC(C)(C)N=P(N1CCCC1)(N2CCCC2)N3CCCC3,82.62911224365234,OCCOCCc1ccccc1OCc1ccccc1Br,2.272545011093391
219,OCCOCCc1ccccc1SCCOc1ccccc1Br.C(C(C(F)(F)S(=O)(=O)F)(F)F)(C(F)(F)F)(F)F.CC(C)(C)N=P(N1CCCC1)(N2CCCC2)N3CCCC3,85.36386108398438,OCCOCCc1ccccc1SCCOc1ccccc1Br,2.458601139907786
220,OCCOCCc1ccccc1Sc1ccccc1F.C(C(C(F)(F)S(=O)(=O)F)(F)F)(C(F)(F)F)(F)F.CC(C)(C)N=P(N1CCCC1)(N2CCCC2)N3CCCC3,84.20279693603516,OCCOCCc1ccccc1Sc1ccccc1F,2.325672581972867
221,OCCOCCc1ccccc1Sc1ccccn1.C(C(C(F)(F)S(=O)(=O)F)(F)F)(C(F)(F)F)(F)F.CC(C)(C)N=P(N1CCCC1)(N2CCCC2)N3CCCC3,81.3796157836914,OCCOCCc1ccccc1Sc1ccccn1,2.37011931576099
222,OCCOCCc1cccnc1OCc1ccccc1Br.C(C(C(F)(F)S(=O)(=O)F)(F)F)(C(F)(F)F)(F)F.CC(C)(C)N=P(N1CCCC1)(N2CCCC2)N3CCCC3,77.88373565673828,OCCOCCc1cccnc1OCc1ccccc1Br,2.424888258482639
223,OCCOCOc1cccnc1.C(C(C(F)(F)S(=O)(=O)F)(F)F)(C(F)(F)F)(F)F.CC(C)(C)N=P(N1CCCC1)(N2CCCC2)N3CCCC3,81.4952163696289,OCCOCOc1cccnc1,2.0698790786469528
224,OCCOCOc1nccnc1Oc1ccccc1Cl.C(C(C(F)(F)S(=O)(=O)F)(F)F)(C(F)(F)F)(F)F.CC(C)(C)N=P(N1CCCC1)(N2CCCC2)N3CCCC3,80.28032684326172,OCCOCOc1nccnc1Oc1ccccc1Cl,2.425606115359436
225,OCCOCc1ccc2ccccc2c1Br.C(C(C(F)(F)S(=O)(=O)F)(F)F)(C(F)(F)F)(F)F.CC(C)(C)N=P(N1CCCC1)(N2CCCC2)N3CCCC3,80.11450958251953,OCCOCc1ccc2ccccc2c1Br,2.336624562541935
226,OCCOCc1ccccc1Br.C(C(C(F)(F)S(=O)(=O)F)(F)F)(C(F)(F)F)(F)F.CC(C)(C)N=P(N1CCCC1)(N2CCCC2)N3CCCC3,80.78679656982422,OCCOCc1ccccc1Br,1.420698258149701
227,OCCOCc1ccccc1Cc1ccccc1OCc1ccccc1.C(C(C(F)(F)S(=O)(=O)F)(F)F)(C(F)(F)F)(F)F.CC(C)(C)N=P(N1CCCC1)(N2CCCC2)N3CCCC3,77.85570526123047,OCCOCc1ccccc1Cc1ccccc1OCc1ccccc1,2.327889272503069
228,OCCOCc1ccccc1NCc1ccccc1.C(C(C(F)(F)S(=O)(=O)F)(F)F)(C(F)(F)F)(F)F.CC(C)(C)N=P(N1CCCC1)(N2CCCC2)N3CCCC3,78.67141723632812,OCCOCc1ccccc1NCc1ccccc1,2.325428291885382
229,OCCOCc1ccccc1NCc1ccccc1F.C(C(C(F)(F)S(=O)(=O)F)(F)F)(C(F)(F)F)(F)F.CC(C)(C)N=P(N1CCCC1)(N2CCCC2)N3CCCC3,78.85527801513672,OCCOCc1ccccc1NCc1ccccc1F,2.569597550122748
230,OCCOCc1ccccc1Nc1ccc(Cl)cc1.C(C(C(F)(F)S(=O)(=O)F)(F)F)(C(F)(F)F)(F)F.CC(C)(C)N=P(N1CCCC1)(N2CCCC2)N3CCCC3,76.85953521728516,OCCOCc1ccccc1Nc1ccc(Cl)cc1,2.3563715408825763
231,OCCOCc1ccccc1OCCOc1ccccc1Cl.C(C(C(F)(F)S(=O)(=O)F)(F)F)(C(F)(F)F)(F)F.CC(C)(C)N=P(N1CCCC1)(N2CCCC2)N3CCCC3,83.7176284790039,OCCOCc1ccccc1OCCOc1ccccc1Cl,2.3698316003143223
232,OCCOCc1ccccc1OCc1ccccc1F.C(C(C(F)(F)S(=O)(=O)F)(F)F)(C(F)(F)F)(F)F.CC(C)(C)N=P(N1CCCC1)(N2CCCC2)N3CCCC3,79.7597427368164,OCCOCc1ccccc1OCc1ccccc1F,2.215621586969642
233,OCCOCc1ccccc1Oc1ccccc1F.C(C(C(F)(F)S(=O)(=O)F)(F)F)(C(F)(F)F)(F)F.CC(C)(C)N=P(N1CCCC1)(N2CCCC2)N3CCCC3,83.51476287841797,OCCOCc1ccccc1Oc1ccccc1F,2.2926035091890733
234,OCCOCc1ccccc1SCCOCc1ccccc1Br.C(C(C(F)(F)S(=O)(=O)F)(F)F)(C(F)(F)F)(F)F.CC(C)(C)N=P(N1CCCC1)(N2CCCC2)N3CCCC3,77.88732147216797,OCCOCc1ccccc1SCCOCc1ccccc1Br,2.176766717102722
235,OCCOCc1ccccc1SCCOCc1ccccc1I.C(C(C(F)(F)S(=O)(=O)F)(F)F)(C(F)(F)F)(F)F.CC(C)(C)N=P(N1CCCC1)(N2CCCC2)N3CCCC3,77.88732147216797,OCCOCc1ccccc1SCCOCc1ccccc1I,2.206855869765957
236,OCCOCc1ccccc1SCCc1ccccc1I.C(C(C(F)(F)S(=O)(=O)F)(F)F)(C(F)(F)F)(F)F.CC(C)(C)N=P(N1CCCC1)(N2CCCC2)N3CCCC3,77.86124420166016,OCCOCc1ccccc1SCCc1ccccc1I,2.19441214649882
237,OCCOCc1cccnc1.C(C(C(F)(F)S(=O)(=O)F)(F)F)(C(F)(F)F)(F)F.CC(C)(C)N=P(N1CCCC1)(N2CCCC2)N3CCCC3,78.38001251220703,OCCOCc1cccnc1,1.9357046767315953
238,OCCOCc1ccco1.C(C(C(F)(F)S(=O)(=O)F)(F)F)(C(F)(F)F)(F)F.CC(C)(C)N=P(N1CCCC1)(N2CCCC2)N3CCCC3,81.66625213623047,OCCOCc1ccco1,1.6379076293323716
239,OCCON=Cc1ccccc1Oc1ccccc1Cl.C(C(C(F)(F)S(=O)(=O)F)(F)F)(C(F)(F)F)(F)F.CC(C)(C)N=P(N1CCCC1)(N2CCCC2)N3CCCC3,78.68472290039062,OCCON=Cc1ccccc1Oc1ccccc1Cl,2.179779251242502
240,OCCOc1ccc2ncccc2c1.C(C(C(F)(F)S(=O)(=O)F)(F)F)(C(F)(F)F)(F)F.CC(C)(C)N=P(N1CCCC1)(N2CCCC2)N3CCCC3,82.42008972167969,OCCOc1ccc2ncccc2c1,2.3672405363473406
241,OCCOc1cccc2ccccc12.C(C(C(F)(F)S(=O)(=O)F)(F)F)(C(F)(F)F)(F)F.CC(C)(C)N=P(N1CCCC1)(N2CCCC2)N3CCCC3,86.41155242919922,OCCOc1cccc2ccccc12,1.7517428283460452
242,OCCOc1cccc2cccnc12.C(C(C(F)(F)S(=O)(=O)F)(F)F)(C(F)(F)F)(F)F.CC(C)(C)N=P(N1CCCC1)(N2CCCC2)N3CCCC3,83.02493286132812,OCCOc1cccc2cccnc12,1.9298083909595942
243,OCCOc1ccccc1-c1ccccc1OCc1ccccc1Br.C(C(C(F)(F)S(=O)(=O)F)(F)F)(C(F)(F)F)(F)F.CC(C)(C)N=P(N1CCCC1)(N2CCCC2)N3CCCC3,82.11715698242188,OCCOc1ccccc1-c1ccccc1OCc1ccccc1Br,2.709250746376063
244,OCCOc1ccccc1CC=Cc1ccccc1Br.C(C(C(F)(F)S(=O)(=O)F)(F)F)(C(F)(F)F)(F)F.CC(C)(C)N=P(N1CCCC1)(N2CCCC2)N3CCCC3,74.66123962402344,OCCOc1ccccc1CC=Cc1ccccc1Br,2.4590685472633957
245,OCCOc1ccccc1CC=Cc1ccccc1F.C(C(C(F)(F)S(=O)(=O)F)(F)F)(C(F)(F)F)(F)F.CC(C)(C)N=P(N1CCCC1)(N2CCCC2)N3CCCC3,75.61798858642578,OCCOc1ccccc1CC=Cc1ccccc1F,2.4522730908895634
246,OCCOc1ccccc1CCc1ccccc1Br.C(C(C(F)(F)S(=O)(=O)F)(F)F)(C(F)(F)F)(F)F.CC(C)(C)N=P(N1CCCC1)(N2CCCC2)N3CCCC3,80.84493255615234,OCCOc1ccccc1CCc1ccccc1Br,2.216276965811033
247,OCCOc1ccccc1Nc1ccccc1Cl.C(C(C(F)(F)S(=O)(=O)F)(F)F)(C(F)(F)F)(F)F.CC(C)(C)N=P(N1CCCC1)(N2CCCC2)N3CCCC3,84.7398681640625,OCCOc1ccccc1Nc1ccccc1Cl,2.477968935444454
248,OCCOc1ccccc1OCCNCCCl.C(C(C(F)(F)S(=O)(=O)F)(F)F)(C(F)(F)F)(F)F.CC(C)(C)N=P(N1CCCC1)(N2CCCC2)N3CCCC3,85.17510223388672,OCCOc1ccccc1OCCNCCCl,2.492955984117391
249,OCCOc1ccccc1OCCO.C(C(C(F)(F)S(=O)(=O)F)(F)F)(C(F)(F)F)(F)F.CC(C)(C)N=P(N1CCCC1)(N2CCCC2)N3CCCC3,89.72440338134766,OCCOc1ccccc1OCCO,1.4467766580682697
250,OCCOc1ccccc1OCCOCc1ccccc1Br.C(C(C(F)(F)S(=O)(=O)F)(F)F)(C(F)(F)F)(F)F.CC(C)(C)N=P(N1CCCC1)(N2CCCC2)N3CCCC3,85.49713897705078,OCCOc1ccccc1OCCOCc1ccccc1Br,2.1125227745296185
251,OCCOc1ccccc1OCCOCc1ccccc1Cl.C(C(C(F)(F)S(=O)(=O)F)(F)F)(C(F)(F)F)(F)F.CC(C)(C)N=P(N1CCCC1)(N2CCCC2)N3CCCC3,86.5624008178711,OCCOc1ccccc1OCCOCc1ccccc1Cl,2.4258030384351352
252,OCCOc1ccccc1OCCOc1ccccc1.C(C(C(F)(F)S(=O)(=O)F)(F)F)(C(F)(F)F)(F)F.CC(C)(C)N=P(N1CCCC1)(N2CCCC2)N3CCCC3,86.86185455322266,OCCOc1ccccc1OCCOc1ccccc1,1.8701867658227367
253,OCCOc1ccccc1OCCSCc1cccnc1.C(C(C(F)(F)S(=O)(=O)F)(F)F)(C(F)(F)F)(F)F.CC(C)(C)N=P(N1CCCC1)(N2CCCC2)N3CCCC3,80.33739471435547,OCCOc1ccccc1OCCSCc1cccnc1,2.6185991666479964
254,OCCOc1ccccc1OCCSc1ccccc1.C(C(C(F)(F)S(=O)(=O)F)(F)F)(C(F)(F)F)(F)F.CC(C)(C)N=P(N1CCCC1)(N2CCCC2)N3CCCC3,82.5882797241211,OCCOc1ccccc1OCCSc1ccccc1,1.8060467161100655
255,OCCOc1ccccc1OCCc1ccccc1F.C(C(C(F)(F)S(=O)(=O)F)(F)F)(C(F)(F)F)(F)F.CC(C)(C)N=P(N1CCCC1)(N2CCCC2)N3CCCC3,83.33342742919922,OCCOc1ccccc1OCCc1ccccc1F,2.360817444000129
256,OCCc1ccccc1-c1ccccc1Cl.C(C(C(F)(F)S(=O)(=O)F)(F)F)(C(F)(F)F)(F)F.CC(C)(C)N=P(N1CCCC1)(N2CCCC2)N3CCCC3,82.4623031616211,OCCc1ccccc1-c1ccccc1Cl,2.1125479058887784
257,OCCc1ccccc1C=Nc1ccccc1Br.C(C(C(F)(F)S(=O)(=O)F)(F)F)(C(F)(F)F)(F)F.CC(C)(C)N=P(N1CCCC1)(N2CCCC2)N3CCCC3,71.30162811279297,OCCc1ccccc1C=Nc1ccccc1Br,2.1374715824885584
258,OCCc1ccccc1CCc1ccccc1Br.C(C(C(F)(F)S(=O)(=O)F)(F)F)(C(F)(F)F)(F)F.CC(C)(C)N=P(N1CCCC1)(N2CCCC2)N3CCCC3,78.36455535888672,OCCc1ccccc1CCc1ccccc1Br,1.5920154360527246
259,OCCc1ccccc1CCc1sccc1Br.C(C(C(F)(F)S(=O)(=O)F)(F)F)(C(F)(F)F)(F)F.CC(C)(C)N=P(N1CCCC1)(N2CCCC2)N3CCCC3,77.26508331298828,OCCc1ccccc1CCc1sccc1Br,2.140852184753581
260,OCCc1ccccc1CSCc1ccccc1Cl.C(C(C(F)(F)S(=O)(=O)F)(F)F)(C(F)(F)F)(F)F.CC(C)(C)N=P(N1CCCC1)(N2CCCC2)N3CCCC3,79.9735336303711,OCCc1ccccc1CSCc1ccccc1Cl,1.9509822924074798
261,OCCc1ccccc1Nc1ccccc1Cl.C(C(C(F)(F)S(=O)(=O)F)(F)F)(C(F)(F)F)(F)F.CC(C)(C)N=P(N1CCCC1)(N2CCCC2)N3CCCC3,80.3316879272461,OCCc1ccccc1Nc1ccccc1Cl,2.2106880365061428
262,OCCc1ccccc1Nc1ccccc1OCc1ccccc1.C(C(C(F)(F)S(=O)(=O)F)(F)F)(C(F)(F)F)(F)F.CC(C)(C)N=P(N1CCCC1)(N2CCCC2)N3CCCC3,76.93187713623047,OCCc1ccccc1Nc1ccccc1OCc1ccccc1,2.4118379098137046
263,OCCc1ccccc1OP(O)(O)=S.C(C(C(F)(F)S(=O)(=O)F)(F)F)(C(F)(F)F)(F)F.CC(C)(C)N=P(N1CCCC1)(N2CCCC2)N3CCCC3,75.08541107177734,OCCc1ccccc1OP(O)(O)=S,2.155622073668411
264,OCCc1ccccc1Oc1ccccc1.C(C(C(F)(F)S(=O)(=O)F)(F)F)(C(F)(F)F)(F)F.CC(C)(C)N=P(N1CCCC1)(N2CCCC2)N3CCCC3,79.81857299804688,OCCc1ccccc1Oc1ccccc1,2.356965519588867
265,OCCc1ccccc1SCC=COBr.C(C(C(F)(F)S(=O)(=O)F)(F)F)(C(F)(F)F)(F)F.CC(C)(C)N=P(N1CCCC1)(N2CCCC2)N3CCCC3,69.36516571044922,OCCc1ccccc1SCC=COBr,2.1683307826029417
266,OCCc1ccccc1SCC=COI.C(C(C(F)(F)S(=O)(=O)F)(F)F)(C(F)(F)F)(F)F.CC(C)(C)N=P(N1CCCC1)(N2CCCC2)N3CCCC3,69.36516571044922,OCCc1ccccc1SCC=COI,2.423342191427988
267,OCCc1ccccc1SCC=COO.C(C(C(F)(F)S(=O)(=O)F)(F)F)(C(F)(F)F)(F)F.CC(C)(C)N=P(N1CCCC1)(N2CCCC2)N3CCCC3,64.79786682128906,OCCc1ccccc1SCC=COO,2.311421253797456
268,OCCc1ccccc1SCCCOc1ccccc1I.C(C(C(F)(F)S(=O)(=O)F)(F)F)(C(F)(F)F)(F)F.CC(C)(C)N=P(N1CCCC1)(N2CCCC2)N3CCCC3,79.8080825805664,OCCc1ccccc1SCCCOc1ccccc1I,2.4469603096527117
269,OCCc1ccccc1SCCOc1ccco1.C(C(C(F)(F)S(=O)(=O)F)(F)F)(C(F)(F)F)(F)F.CC(C)(C)N=P(N1CCCC1)(N2CCCC2)N3CCCC3,78.85890197753906,OCCc1ccccc1SCCOc1ccco1,2.4861129698959714
270,OCCc1ccccc1SCSCc1ccccc1.C(C(C(F)(F)S(=O)(=O)F)(F)F)(C(F)(F)F)(F)F.CC(C)(C)N=P(N1CCCC1)(N2CCCC2)N3CCCC3,77.30386352539062,OCCc1ccccc1SCSCc1ccccc1,2.3022959187792313
271,OCCc1ccccc1SCSCc1ccccc1C(F)(F)F.C(C(C(F)(F)S(=O)(=O)F)(F)F)(C(F)(F)F)(F)F.CC(C)(C)N=P(N1CCCC1)(N2CCCC2)N3CCCC3,75.7904281616211,OCCc1ccccc1SCSCc1ccccc1C(F)(F)F,2.5230176543831297
272,OCCc1ccccc1SCSCc1ccccc1Cl.C(C(C(F)(F)S(=O)(=O)F)(F)F)(C(F)(F)F)(F)F.CC(C)(C)N=P(N1CCCC1)(N2CCCC2)N3CCCC3,77.97444915771484,OCCc1ccccc1SCSCc1ccccc1Cl,2.2329401318717537
273,OCCc1ccccc1SCSc1ccccc1O.C(C(C(F)(F)S(=O)(=O)F)(F)F)(C(F)(F)F)(F)F.CC(C)(C)N=P(N1CCCC1)(N2CCCC2)N3CCCC3,77.11211395263672,OCCc1ccccc1SCSc1ccccc1O,2.104200785845518
274,OCCc1ccoc1CO.C(C(C(F)(F)S(=O)(=O)F)(F)F)(C(F)(F)F)(F)F.CC(C)(C)N=P(N1CCCC1)(N2CCCC2)N3CCCC3,80.22055053710938,OCCc1ccoc1CO,2.3873013922823536
275,OCc1cc(COc2ccccc2)ccc1F.C(C(C(F)(F)S(=O)(=O)F)(F)F)(C(F)(F)F)(F)F.CC(C)(C)N=P(N1CCCC1)(N2CCCC2)N3CCCC3,82.19318389892578,OCc1cc(COc2ccccc2)ccc1F,2.3834836173365592
276,OCc1cc2ccccc2c(Cl)c1Cl.C(C(C(F)(F)S(=O)(=O)F)(F)F)(C(F)(F)F)(F)F.CC(C)(C)N=P(N1CCCC1)(N2CCCC2)N3CCCC3,83.38570404052734,OCc1cc2ccccc2c(Cl)c1Cl,2.389824713178348
277,OCc1cc2ccccc2cc1Br.C(C(C(F)(F)S(=O)(=O)F)(F)F)(C(F)(F)F)(F)F.CC(C)(C)N=P(N1CCCC1)(N2CCCC2)N3CCCC3,81.35259246826172,OCc1cc2ccccc2cc1Br,1.7077663942062367
278,OCc1cc2ccccc2cc1Cl.C(C(C(F)(F)S(=O)(=O)F)(F)F)(C(F)(F)F)(F)F.CC(C)(C)N=P(N1CCCC1)(N2CCCC2)N3CCCC3,83.59466552734375,OCc1cc2ccccc2cc1Cl,1.9668307392445745
279,OCc1cc2ncccc2cc1F.C(C(C(F)(F)S(=O)(=O)F)(F)F)(C(F)(F)F)(F)F.CC(C)(C)N=P(N1CCCC1)(N2CCCC2)N3CCCC3,77.97286224365234,OCc1cc2ncccc2cc1F,2.338092439853665
280,OCc1cc2occc2cc1F.C(C(C(F)(F)S(=O)(=O)F)(F)F)(C(F)(F)F)(F)F.CC(C)(C)N=P(N1CCCC1)(N2CCCC2)N3CCCC3,81.82482147216797,OCc1cc2occc2cc1F,2.4678942608444814
281,OCc1cc2sccc2c(Cl)c1F.C(C(C(F)(F)S(=O)(=O)F)(F)F)(C(F)(F)F)(F)F.CC(C)(C)N=P(N1CCCC1)(N2CCCC2)N3CCCC3,79.1236801147461,OCc1cc2sccc2c(Cl)c1F,2.8101670846824165
282,OCc1cccc(Br)c1Cl.C(C(C(F)(F)S(=O)(=O)F)(F)F)(C(F)(F)F)(F)F.CC(C)(C)N=P(N1CCCC1)(N2CCCC2)N3CCCC3,78.1200180053711,OCc1cccc(Br)c1Cl,1.5667288874125933
283,OCc1cccc(Br)c1F.C(C(C(F)(F)S(=O)(=O)F)(F)F)(C(F)(F)F)(F)F.CC(C)(C)N=P(N1CCCC1)(N2CCCC2)N3CCCC3,78.27881622314453,OCc1cccc(Br)c1F,1.6150485041596423
284,OCc1cccc(C#CCOc2ccccc2Br)c1F.C(C(C(F)(F)S(=O)(=O)F)(F)F)(C(F)(F)F)(F)F.CC(C)(C)N=P(N1CCCC1)(N2CCCC2)N3CCCC3,81.6244888305664,OCc1cccc(C#CCOc2ccccc2Br)c1F,2.488061978205213
285,OCc1cccc(C#COc2ccccc2F)c1F.C(C(C(F)(F)S(=O)(=O)F)(F)F)(C(F)(F)F)(F)F.CC(C)(C)N=P(N1CCCC1)(N2CCCC2)N3CCCC3,81.65523529052734,OCc1cccc(C#COc2ccccc2F)c1F,2.4070865721260413
286,OCc1cccc(C#Cc2ccccc2F)c1Cl.C(C(C(F)(F)S(=O)(=O)F)(F)F)(C(F)(F)F)(F)F.CC(C)(C)N=P(N1CCCC1)(N2CCCC2)N3CCCC3,80.11571502685547,OCc1cccc(C#Cc2ccccc2F)c1Cl,2.1141414078598486
287,OCc1cccc(C#Cc2ccccc2F)c1F.C(C(C(F)(F)S(=O)(=O)F)(F)F)(C(F)(F)F)(F)F.CC(C)(C)N=P(N1CCCC1)(N2CCCC2)N3CCCC3,81.07417297363281,OCc1cccc(C#Cc2ccccc2F)c1F,2.099688176014779
288,OCc1cccc(C#Cc2cccnc2F)c1F.C(C(C(F)(F)S(=O)(=O)F)(F)F)(C(F)(F)F)(F)F.CC(C)(C)N=P(N1CCCC1)(N2CCCC2)N3CCCC3,76.85227966308594,OCc1cccc(C#Cc2cccnc2F)c1F,2.4659136509994446
289,OCc1cccc(C#Cc2cccs2)c1Cl.C(C(C(F)(F)S(=O)(=O)F)(F)F)(C(F)(F)F)(F)F.CC(C)(C)N=P(N1CCCC1)(N2CCCC2)N3CCCC3,77.12958526611328,OCc1cccc(C#Cc2cccs2)c1Cl,2.222808535674187
290,OCc1cccc(C(O)c2ccccc2Br)c1F.C(C(C(F)(F)S(=O)(=O)F)(F)F)(C(F)(F)F)(F)F.CC(C)(C)N=P(N1CCCC1)(N2CCCC2)N3CCCC3,76.06888580322266,OCc1cccc(C(O)c2ccccc2Br)c1F,2.1693585925656897
291,OCc1cccc(C=Nc2ccccc2Br)c1Cl.C(C(C(F)(F)S(=O)(=O)F)(F)F)(C(F)(F)F)(F)F.CC(C)(C)N=P(N1CCCC1)(N2CCCC2)N3CCCC3,72.98566436767578,OCc1cccc(C=Nc2ccccc2Br)c1Cl,2.169404369481505
292,OCc1cccc(Cl)c1F.C(C(C(F)(F)S(=O)(=O)F)(F)F)(C(F)(F)F)(F)F.CC(C)(C)N=P(N1CCCC1)(N2CCCC2)N3CCCC3,79.60810089111328,OCc1cccc(Cl)c1F,1.8608165383829713
293,OCc1cccc(S)c1C#CBr.C(C(C(F)(F)S(=O)(=O)F)(F)F)(C(F)(F)F)(F)F.CC(C)(C)N=P(N1CCCC1)(N2CCCC2)N3CCCC3,75.33531951904297,OCc1cccc(S)c1C#CBr,2.2712004881668504
294,OCc1cccc(SCc2ccccc2Cl)c1F.C(C(C(F)(F)S(=O)(=O)F)(F)F)(C(F)(F)F)(F)F.CC(C)(C)N=P(N1CCCC1)(N2CCCC2)N3CCCC3,76.93218994140625,OCc1cccc(SCc2ccccc2Cl)c1F,2.122047900922311
